,INDEX_NAME,HistoricalDate,OPEN,CLOSE,daily_change,daily_change_perc,year,day,week
0,Nifty 50,2020-01-01,12202.15,12182.5,-19.65,-0.16,2020,Wednesday,1
1,Nifty 50,2020-01-02,12198.55,12282.2,83.65,0.69,2020,Thursday,1
2,Nifty 50,2020-01-03,12261.1,12226.65,-34.45,-0.28,2020,Friday,1
3,Nifty 50,2020-01-06,12170.6,11993.05,-177.55,-1.46,2020,Monday,2
4,Nifty 50,2020-01-07,12079.1,12052.95,-26.15,-0.22,2020,Tuesday,2
5,Nifty 50,2020-01-08,11939.1,12025.35,86.25,0.72,2020,Wednesday,2
6,Nifty 50,2020-01-09,12153.15,12215.9,62.75,0.52,2020,Thursday,2
7,Nifty 50,2020-01-10,12271.0,12256.8,-14.2,-0.12,2020,Friday,2
8,Nifty 50,2020-01-13,12296.7,12329.55,32.85,0.27,2020,Monday,3
9,Nifty 50,2020-01-14,12333.1,12362.3,29.2,0.24,2020,Tuesday,3
10,Nifty 50,2020-01-15,12349.4,12343.3,-6.1,-0.05,2020,Wednesday,3
11,Nifty 50,2020-01-16,12347.1,12355.5,8.4,0.07,2020,Thursday,3
12,Nifty 50,2020-01-17,12328.4,12352.35,23.95,0.19,2020,Friday,3
13,Nifty 50,2020-01-20,12430.5,12224.55,-205.95,-1.66,2020,Monday,4
14,Nifty 50,2020-01-21,12195.3,12169.85,-25.45,-0.21,2020,Tuesday,4
15,Nifty 50,2020-01-22,12218.35,12106.9,-111.45,-0.91,2020,Wednesday,4
16,Nifty 50,2020-01-23,12123.75,12180.35,56.6,0.47,2020,Thursday,4
17,Nifty 50,2020-01-24,12174.55,12248.25,73.7,0.61,2020,Friday,4
18,Nifty 50,2020-01-27,12197.1,12119.0,-78.1,-0.64,2020,Monday,5
19,Nifty 50,2020-01-28,12148.1,12055.8,-92.3,-0.76,2020,Tuesday,5
20,Nifty 50,2020-01-29,12114.9,12129.5,14.6,0.12,2020,Wednesday,5
21,Nifty 50,2020-01-30,12147.75,12035.8,-111.95,-0.92,2020,Thursday,5
22,Nifty 50,2020-01-31,12100.4,11962.1,-138.3,-1.14,2020,Friday,5
23,Nifty 50,2020-02-01,11939.0,11661.85,-277.15,-2.32,2020,Saturday,5
24,Nifty 50,2020-02-03,11627.45,11707.9,80.45,0.69,2020,Monday,6
25,Nifty 50,2020-02-04,11786.25,11979.65,193.4,1.64,2020,Tuesday,6
26,Nifty 50,2020-02-05,12005.85,12089.15,83.3,0.69,2020,Wednesday,6
27,Nifty 50,2020-02-06,12120.0,12137.95,17.95,0.15,2020,Thursday,6
28,Nifty 50,2020-02-07,12151.15,12098.35,-52.8,-0.43,2020,Friday,6
29,Nifty 50,2020-02-10,12102.35,12031.5,-70.85,-0.59,2020,Monday,7
30,Nifty 50,2020-02-11,12108.4,12107.9,-0.5,-0.0,2020,Tuesday,7
31,Nifty 50,2020-02-12,12151.0,12201.2,50.2,0.41,2020,Wednesday,7
32,Nifty 50,2020-02-13,12219.55,12174.65,-44.9,-0.37,2020,Thursday,7
33,Nifty 50,2020-02-14,12190.15,12113.45,-76.7,-0.63,2020,Friday,7
34,Nifty 50,2020-02-17,12131.8,12045.8,-86.0,-0.71,2020,Monday,8
35,Nifty 50,2020-02-18,12028.25,11992.5,-35.75,-0.3,2020,Tuesday,8
36,Nifty 50,2020-02-19,12090.6,12125.9,35.3,0.29,2020,Wednesday,8
37,Nifty 50,2020-02-20,12119.0,12080.85,-38.15,-0.31,2020,Thursday,8
38,Nifty 50,2020-02-24,12012.55,11829.4,-183.15,-1.52,2020,Monday,9
39,Nifty 50,2020-02-25,11877.5,11797.9,-79.6,-0.67,2020,Tuesday,9
40,Nifty 50,2020-02-26,11738.55,11678.5,-60.05,-0.51,2020,Wednesday,9
41,Nifty 50,2020-02-27,11661.25,11633.3,-27.95,-0.24,2020,Thursday,9
42,Nifty 50,2020-02-28,11382.0,11201.75,-180.25,-1.58,2020,Friday,9
43,Nifty 50,2020-03-02,11387.35,11132.75,-254.6,-2.24,2020,Monday,10
44,Nifty 50,2020-03-03,11217.55,11303.3,85.75,0.76,2020,Tuesday,10
45,Nifty 50,2020-03-04,11351.35,11251.0,-100.35,-0.88,2020,Wednesday,10
46,Nifty 50,2020-03-05,11306.05,11269.0,-37.05,-0.33,2020,Thursday,10
47,Nifty 50,2020-03-06,10942.65,10989.45,46.8,0.43,2020,Friday,10
48,Nifty 50,2020-03-09,10742.05,10451.45,-290.6,-2.71,2020,Monday,11
49,Nifty 50,2020-03-11,10334.3,10458.4,124.1,1.2,2020,Wednesday,11
50,Nifty 50,2020-03-12,10039.95,9590.15,-449.8,-4.48,2020,Thursday,11
51,Nifty 50,2020-03-13,9107.6,9955.2,847.6,9.31,2020,Friday,11
52,Nifty 50,2020-03-16,9587.8,9197.4,-390.4,-4.07,2020,Monday,12
53,Nifty 50,2020-03-17,9285.4,8967.05,-318.35,-3.43,2020,Tuesday,12
54,Nifty 50,2020-03-18,9088.45,8468.8,-619.65,-6.82,2020,Wednesday,12
55,Nifty 50,2020-03-19,8063.3,8263.45,200.15,2.48,2020,Thursday,12
56,Nifty 50,2020-03-20,8284.45,8745.45,461.0,5.56,2020,Friday,12
57,Nifty 50,2020-03-23,7945.7,7610.25,-335.45,-4.22,2020,Monday,13
58,Nifty 50,2020-03-24,7848.3,7801.05,-47.25,-0.6,2020,Tuesday,13
59,Nifty 50,2020-03-25,7735.15,8317.85,582.7,7.53,2020,Wednesday,13
60,Nifty 50,2020-03-26,8451.0,8641.45,190.45,2.25,2020,Thursday,13
61,Nifty 50,2020-03-27,8949.1,8660.25,-288.85,-3.23,2020,Friday,13
62,Nifty 50,2020-03-30,8385.95,8281.1,-104.85,-1.25,2020,Monday,14
63,Nifty 50,2020-03-31,8529.35,8597.75,68.4,0.8,2020,Tuesday,14
64,Nifty 50,2020-04-01,8584.1,8253.8,-330.3,-3.85,2020,Wednesday,14
65,Nifty 50,2020-04-03,8356.55,8083.8,-272.75,-3.26,2020,Friday,14
66,Nifty 50,2020-04-07,8446.3,8792.2,345.9,4.1,2020,Tuesday,15
67,Nifty 50,2020-04-08,8688.9,8748.75,59.85,0.69,2020,Wednesday,15
68,Nifty 50,2020-04-09,8973.05,9111.9,138.85,1.55,2020,Thursday,15
69,Nifty 50,2020-04-13,9103.95,8993.85,-110.1,-1.21,2020,Monday,16
70,Nifty 50,2020-04-15,9196.4,8925.3,-271.1,-2.95,2020,Wednesday,16
71,Nifty 50,2020-04-16,8851.25,8992.8,141.55,1.6,2020,Thursday,16
72,Nifty 50,2020-04-17,9323.45,9266.75,-56.7,-0.61,2020,Friday,16
73,Nifty 50,2020-04-20,9390.2,9261.85,-128.35,-1.37,2020,Monday,17
74,Nifty 50,2020-04-21,9016.95,8981.45,-35.5,-0.39,2020,Tuesday,17
75,Nifty 50,2020-04-22,9026.75,9187.3,160.55,1.78,2020,Wednesday,17
76,Nifty 50,2020-04-23,9232.35,9313.9,81.55,0.88,2020,Thursday,17
77,Nifty 50,2020-04-24,9163.9,9154.4,-9.5,-0.1,2020,Friday,17
78,Nifty 50,2020-04-27,9259.7,9282.3,22.6,0.24,2020,Monday,18
79,Nifty 50,2020-04-28,9389.8,9380.9,-8.9,-0.09,2020,Tuesday,18
80,Nifty 50,2020-04-29,9408.6,9553.35,144.75,1.54,2020,Wednesday,18
81,Nifty 50,2020-04-30,9753.5,9859.9,106.4,1.09,2020,Thursday,18
82,Nifty 50,2020-05-04,9533.5,9293.5,-240.0,-2.52,2020,Monday,19
83,Nifty 50,2020-05-05,9429.4,9205.6,-223.8,-2.37,2020,Tuesday,19
84,Nifty 50,2020-05-06,9226.8,9270.9,44.1,0.48,2020,Wednesday,19
85,Nifty 50,2020-05-07,9234.05,9199.05,-35.0,-0.38,2020,Thursday,19
86,Nifty 50,2020-05-08,9376.95,9251.5,-125.45,-1.34,2020,Friday,19
87,Nifty 50,2020-05-11,9348.15,9239.2,-108.95,-1.17,2020,Monday,20
88,Nifty 50,2020-05-12,9168.85,9196.55,27.7,0.3,2020,Tuesday,20
89,Nifty 50,2020-05-13,9584.2,9383.55,-200.65,-2.09,2020,Wednesday,20
90,Nifty 50,2020-05-14,9213.95,9142.75,-71.2,-0.77,2020,Thursday,20
91,Nifty 50,2020-05-15,9182.4,9136.85,-45.55,-0.5,2020,Friday,20
92,Nifty 50,2020-05-18,9158.3,8823.25,-335.05,-3.66,2020,Monday,21
93,Nifty 50,2020-05-19,8961.7,8879.1,-82.6,-0.92,2020,Tuesday,21
94,Nifty 50,2020-05-20,8889.15,9066.55,177.4,2.0,2020,Wednesday,21
95,Nifty 50,2020-05-21,9079.45,9106.25,26.8,0.3,2020,Thursday,21
96,Nifty 50,2020-05-22,9067.9,9039.25,-28.65,-0.32,2020,Friday,21
97,Nifty 50,2020-05-26,9099.75,9029.05,-70.7,-0.78,2020,Tuesday,22
98,Nifty 50,2020-05-27,9082.2,9314.95,232.75,2.56,2020,Wednesday,22
99,Nifty 50,2020-05-28,9364.95,9490.1,125.15,1.34,2020,Thursday,22
100,Nifty 50,2020-05-29,9422.2,9580.3,158.1,1.68,2020,Friday,22
101,Nifty 50,2020-06-01,9726.85,9826.15,99.3,1.02,2020,Monday,23
102,Nifty 50,2020-06-02,9880.85,9979.1,98.25,0.99,2020,Tuesday,23
103,Nifty 50,2020-06-03,10108.3,10061.55,-46.75,-0.46,2020,Wednesday,23
104,Nifty 50,2020-06-04,10054.25,10029.1,-25.15,-0.25,2020,Thursday,23
105,Nifty 50,2020-06-05,10093.8,10142.15,48.35,0.48,2020,Friday,23
106,Nifty 50,2020-06-08,10326.75,10167.45,-159.3,-1.54,2020,Monday,24
107,Nifty 50,2020-06-09,10181.15,10046.65,-134.5,-1.32,2020,Tuesday,24
108,Nifty 50,2020-06-10,10072.6,10116.15,43.55,0.43,2020,Wednesday,24
109,Nifty 50,2020-06-11,10094.1,9902.0,-192.1,-1.9,2020,Thursday,24
110,Nifty 50,2020-06-12,9544.95,9972.9,427.95,4.48,2020,Friday,24
111,Nifty 50,2020-06-15,9919.35,9813.7,-105.65,-1.07,2020,Monday,25
112,Nifty 50,2020-06-16,10014.8,9914.0,-100.8,-1.01,2020,Tuesday,25
113,Nifty 50,2020-06-17,9876.7,9881.15,4.45,0.05,2020,Wednesday,25
114,Nifty 50,2020-06-18,9863.25,10091.65,228.4,2.32,2020,Thursday,25
115,Nifty 50,2020-06-19,10119.0,10244.4,125.4,1.24,2020,Friday,25
116,Nifty 50,2020-06-22,10318.75,10311.2,-7.55,-0.07,2020,Monday,26
117,Nifty 50,2020-06-23,10347.95,10471.0,123.05,1.19,2020,Tuesday,26
118,Nifty 50,2020-06-24,10529.25,10305.3,-223.95,-2.13,2020,Wednesday,26
119,Nifty 50,2020-06-25,10235.55,10288.9,53.35,0.52,2020,Thursday,26
120,Nifty 50,2020-06-26,10378.9,10383.0,4.1,0.04,2020,Friday,26
121,Nifty 50,2020-06-29,10311.95,10312.4,0.45,0.0,2020,Monday,27
122,Nifty 50,2020-06-30,10382.6,10302.1,-80.5,-0.78,2020,Tuesday,27
123,Nifty 50,2020-07-01,10323.8,10430.05,106.25,1.03,2020,Wednesday,27
124,Nifty 50,2020-07-02,10493.05,10551.7,58.65,0.56,2020,Thursday,27
125,Nifty 50,2020-07-03,10614.95,10607.35,-7.6,-0.07,2020,Friday,27
126,Nifty 50,2020-07-06,10723.85,10763.65,39.8,0.37,2020,Monday,28
127,Nifty 50,2020-07-07,10802.85,10799.65,-3.2,-0.03,2020,Tuesday,28
128,Nifty 50,2020-07-08,10818.65,10705.75,-112.9,-1.04,2020,Wednesday,28
129,Nifty 50,2020-07-09,10755.55,10813.45,57.9,0.54,2020,Thursday,28
130,Nifty 50,2020-07-10,10764.1,10768.05,3.95,0.04,2020,Friday,28
131,Nifty 50,2020-07-13,10851.85,10802.7,-49.15,-0.45,2020,Monday,29
132,Nifty 50,2020-07-14,10750.85,10607.35,-143.5,-1.33,2020,Tuesday,29
133,Nifty 50,2020-07-15,10701.0,10618.2,-82.8,-0.77,2020,Wednesday,29
134,Nifty 50,2020-07-16,10706.2,10739.95,33.75,0.32,2020,Thursday,29
135,Nifty 50,2020-07-17,10752.0,10901.7,149.7,1.39,2020,Friday,29
136,Nifty 50,2020-07-20,10999.45,11022.2,22.75,0.21,2020,Monday,30
137,Nifty 50,2020-07-21,11126.1,11162.25,36.15,0.32,2020,Tuesday,30
138,Nifty 50,2020-07-22,11231.2,11132.6,-98.6,-0.88,2020,Wednesday,30
139,Nifty 50,2020-07-23,11135.0,11215.45,80.45,0.72,2020,Thursday,30
140,Nifty 50,2020-07-24,11149.95,11194.15,44.2,0.4,2020,Friday,30
141,Nifty 50,2020-07-27,11225.0,11131.8,-93.2,-0.83,2020,Monday,31
142,Nifty 50,2020-07-28,11154.1,11300.55,146.45,1.31,2020,Tuesday,31
143,Nifty 50,2020-07-29,11276.9,11202.85,-74.05,-0.66,2020,Wednesday,31
144,Nifty 50,2020-07-30,11254.3,11102.15,-152.15,-1.35,2020,Thursday,31
145,Nifty 50,2020-07-31,11139.5,11073.45,-66.05,-0.59,2020,Friday,31
146,Nifty 50,2020-08-03,11057.55,10891.6,-165.95,-1.5,2020,Monday,32
147,Nifty 50,2020-08-04,10946.65,11095.25,148.6,1.36,2020,Tuesday,32
148,Nifty 50,2020-08-05,11155.75,11101.65,-54.1,-0.48,2020,Wednesday,32
149,Nifty 50,2020-08-06,11185.7,11200.15,14.45,0.13,2020,Thursday,32
150,Nifty 50,2020-08-07,11186.65,11214.05,27.4,0.24,2020,Friday,32
151,Nifty 50,2020-08-10,11270.25,11270.15,-0.1,-0.0,2020,Monday,33
152,Nifty 50,2020-08-11,11322.25,11322.5,0.25,0.0,2020,Tuesday,33
153,Nifty 50,2020-08-12,11289.0,11308.4,19.4,0.17,2020,Wednesday,33
154,Nifty 50,2020-08-13,11334.85,11300.45,-34.4,-0.3,2020,Thursday,33
155,Nifty 50,2020-08-14,11353.3,11178.4,-174.9,-1.54,2020,Friday,33
156,Nifty 50,2020-08-17,11248.9,11247.1,-1.8,-0.02,2020,Monday,34
157,Nifty 50,2020-08-18,11259.8,11385.35,125.55,1.12,2020,Tuesday,34
158,Nifty 50,2020-08-19,11452.15,11408.4,-43.75,-0.38,2020,Wednesday,34
159,Nifty 50,2020-08-20,11317.45,11312.2,-5.25,-0.05,2020,Thursday,34
160,Nifty 50,2020-08-21,11409.65,11371.6,-38.05,-0.33,2020,Friday,34
161,Nifty 50,2020-08-24,11412.0,11466.45,54.45,0.48,2020,Monday,35
162,Nifty 50,2020-08-25,11513.1,11472.25,-40.85,-0.35,2020,Tuesday,35
163,Nifty 50,2020-08-26,11512.85,11549.6,36.75,0.32,2020,Wednesday,35
164,Nifty 50,2020-08-27,11609.3,11559.25,-50.05,-0.43,2020,Thursday,35
165,Nifty 50,2020-08-28,11602.95,11647.6,44.65,0.38,2020,Friday,35
166,Nifty 50,2020-08-31,11777.55,11387.5,-390.05,-3.31,2020,Monday,36
167,Nifty 50,2020-09-01,11464.3,11470.25,5.95,0.05,2020,Tuesday,36
168,Nifty 50,2020-09-02,11478.55,11535.0,56.45,0.49,2020,Wednesday,36
169,Nifty 50,2020-09-03,11566.2,11527.45,-38.75,-0.34,2020,Thursday,36
170,Nifty 50,2020-09-04,11354.4,11333.85,-20.55,-0.18,2020,Friday,36
171,Nifty 50,2020-09-07,11359.6,11355.05,-4.55,-0.04,2020,Monday,37
172,Nifty 50,2020-09-08,11378.55,11317.35,-61.2,-0.54,2020,Tuesday,37
173,Nifty 50,2020-09-09,11218.6,11278.0,59.4,0.53,2020,Wednesday,37
174,Nifty 50,2020-09-10,11363.3,11449.25,85.95,0.76,2020,Thursday,37
175,Nifty 50,2020-09-11,11447.8,11464.45,16.65,0.15,2020,Friday,37
176,Nifty 50,2020-09-14,11540.15,11440.05,-100.1,-0.87,2020,Monday,38
177,Nifty 50,2020-09-15,11487.2,11521.8,34.6,0.3,2020,Tuesday,38
178,Nifty 50,2020-09-16,11538.45,11604.55,66.1,0.57,2020,Wednesday,38
179,Nifty 50,2020-09-17,11539.4,11516.1,-23.3,-0.2,2020,Thursday,38
180,Nifty 50,2020-09-18,11584.1,11504.95,-79.15,-0.68,2020,Friday,38
181,Nifty 50,2020-09-21,11503.8,11250.55,-253.25,-2.2,2020,Monday,39
182,Nifty 50,2020-09-22,11301.75,11153.65,-148.1,-1.31,2020,Tuesday,39
183,Nifty 50,2020-09-23,11258.75,11131.85,-126.9,-1.13,2020,Wednesday,39
184,Nifty 50,2020-09-24,11011.0,10805.55,-205.45,-1.87,2020,Thursday,39
185,Nifty 50,2020-09-25,10910.4,11050.25,139.85,1.28,2020,Friday,39
186,Nifty 50,2020-09-28,11140.85,11227.55,86.7,0.78,2020,Monday,40
187,Nifty 50,2020-09-29,11288.6,11222.4,-66.2,-0.59,2020,Tuesday,40
188,Nifty 50,2020-09-30,11244.45,11247.55,3.1,0.03,2020,Wednesday,40
189,Nifty 50,2020-10-01,11364.45,11416.95,52.5,0.46,2020,Thursday,40
190,Nifty 50,2020-10-05,11487.8,11503.35,15.55,0.14,2020,Monday,41
191,Nifty 50,2020-10-06,11603.45,11662.4,58.95,0.51,2020,Tuesday,41
192,Nifty 50,2020-10-07,11679.25,11738.85,59.6,0.51,2020,Wednesday,41
193,Nifty 50,2020-10-08,11835.4,11834.6,-0.8,-0.01,2020,Thursday,41
194,Nifty 50,2020-10-09,11852.05,11914.2,62.15,0.52,2020,Friday,41
195,Nifty 50,2020-10-12,11973.55,11930.95,-42.6,-0.36,2020,Monday,42
196,Nifty 50,2020-10-13,11934.65,11934.5,-0.15,-0.0,2020,Tuesday,42
197,Nifty 50,2020-10-14,11917.4,11971.05,53.65,0.45,2020,Wednesday,42
198,Nifty 50,2020-10-15,12023.45,11680.35,-343.1,-2.85,2020,Thursday,42
199,Nifty 50,2020-10-16,11727.4,11762.45,35.05,0.3,2020,Friday,42
200,Nifty 50,2020-10-19,11879.2,11873.05,-6.15,-0.05,2020,Monday,43
201,Nifty 50,2020-10-20,11861.0,11896.8,35.8,0.3,2020,Tuesday,43
202,Nifty 50,2020-10-21,11958.55,11937.65,-20.9,-0.17,2020,Wednesday,43
203,Nifty 50,2020-10-22,11890.0,11896.45,6.45,0.05,2020,Thursday,43
204,Nifty 50,2020-10-23,11957.9,11930.35,-27.55,-0.23,2020,Friday,43
205,Nifty 50,2020-10-26,11937.4,11767.75,-169.65,-1.42,2020,Monday,44
206,Nifty 50,2020-10-27,11807.1,11889.4,82.3,0.7,2020,Tuesday,44
207,Nifty 50,2020-10-28,11922.6,11729.6,-193.0,-1.62,2020,Wednesday,44
208,Nifty 50,2020-10-29,11633.3,11670.8,37.5,0.32,2020,Thursday,44
209,Nifty 50,2020-10-30,11678.45,11642.4,-36.05,-0.31,2020,Friday,44
210,Nifty 50,2020-11-02,11697.35,11669.15,-28.2,-0.24,2020,Monday,45
211,Nifty 50,2020-11-03,11734.45,11813.5,79.05,0.67,2020,Tuesday,45
212,Nifty 50,2020-11-04,11783.35,11908.5,125.15,1.06,2020,Wednesday,45
213,Nifty 50,2020-11-05,12062.4,12120.3,57.9,0.48,2020,Thursday,45
214,Nifty 50,2020-11-06,12156.65,12263.55,106.9,0.88,2020,Friday,45
215,Nifty 50,2020-11-09,12399.4,12461.05,61.65,0.5,2020,Monday,46
216,Nifty 50,2020-11-10,12556.4,12631.1,74.7,0.59,2020,Tuesday,46
217,Nifty 50,2020-11-11,12680.6,12749.15,68.55,0.54,2020,Wednesday,46
218,Nifty 50,2020-11-12,12702.15,12690.8,-11.35,-0.09,2020,Thursday,46
219,Nifty 50,2020-11-13,12659.7,12719.95,60.25,0.48,2020,Friday,46
220,Nifty 50,2020-11-14,12823.35,12780.25,-43.1,-0.34,2020,Saturday,46
221,Nifty 50,2020-11-17,12932.5,12874.2,-58.3,-0.45,2020,Tuesday,47
222,Nifty 50,2020-11-18,12860.1,12938.25,78.15,0.61,2020,Wednesday,47
223,Nifty 50,2020-11-19,12839.5,12771.7,-67.8,-0.53,2020,Thursday,47
224,Nifty 50,2020-11-20,12813.4,12859.05,45.65,0.36,2020,Friday,47
225,Nifty 50,2020-11-23,12960.3,12926.45,-33.85,-0.26,2020,Monday,48
226,Nifty 50,2020-11-24,13002.6,13055.15,52.55,0.4,2020,Tuesday,48
227,Nifty 50,2020-11-25,13130.0,12858.4,-271.6,-2.07,2020,Wednesday,48
228,Nifty 50,2020-11-26,12906.45,12987.0,80.55,0.62,2020,Thursday,48
229,Nifty 50,2020-11-27,13012.05,12968.95,-43.1,-0.33,2020,Friday,48
230,Nifty 50,2020-12-01,13062.2,13109.05,46.85,0.36,2020,Tuesday,49
231,Nifty 50,2020-12-02,13121.4,13113.75,-7.65,-0.06,2020,Wednesday,49
232,Nifty 50,2020-12-03,13215.3,13133.9,-81.4,-0.62,2020,Thursday,49
233,Nifty 50,2020-12-04,13177.4,13258.55,81.15,0.62,2020,Friday,49
234,Nifty 50,2020-12-07,13264.85,13355.75,90.9,0.69,2020,Monday,50
235,Nifty 50,2020-12-08,13393.85,13392.95,-0.9,-0.01,2020,Tuesday,50
236,Nifty 50,2020-12-09,13458.1,13529.1,71.0,0.53,2020,Wednesday,50
237,Nifty 50,2020-12-10,13488.5,13478.3,-10.2,-0.08,2020,Thursday,50
238,Nifty 50,2020-12-11,13512.3,13513.85,1.55,0.01,2020,Friday,50
239,Nifty 50,2020-12-14,13571.45,13558.15,-13.3,-0.1,2020,Monday,51
240,Nifty 50,2020-12-15,13547.2,13567.85,20.65,0.15,2020,Tuesday,51
241,Nifty 50,2020-12-16,13663.1,13682.7,19.6,0.14,2020,Wednesday,51
242,Nifty 50,2020-12-17,13713.55,13740.7,27.15,0.2,2020,Thursday,51
243,Nifty 50,2020-12-18,13764.4,13760.55,-3.85,-0.03,2020,Friday,51
244,Nifty 50,2020-12-21,13741.9,13328.4,-413.5,-3.01,2020,Monday,52
245,Nifty 50,2020-12-22,13373.65,13466.3,92.65,0.69,2020,Tuesday,52
246,Nifty 50,2020-12-23,13473.5,13601.1,127.6,0.95,2020,Wednesday,52
247,Nifty 50,2020-12-24,13672.15,13749.25,77.1,0.56,2020,Thursday,52
248,Nifty 50,2020-12-28,13815.15,13873.2,58.05,0.42,2020,Monday,53
249,Nifty 50,2020-12-29,13910.35,13932.6,22.25,0.16,2020,Tuesday,53
250,Nifty 50,2020-12-30,13980.9,13981.95,1.05,0.01,2020,Wednesday,53
251,Nifty 50,2020-12-31,13970.0,13981.75,11.75,0.08,2020,Thursday,53
252,Nifty 50,2021-01-01,13996.1,14018.5,22.4,0.16,2020,Friday,53
253,Nifty 50,2021-01-04,14104.35,14132.9,28.55,0.2,2021,Monday,1
254,Nifty 50,2021-01-05,14075.15,14199.5,124.35,0.88,2021,Tuesday,1
255,Nifty 50,2021-01-06,14240.95,14146.25,-94.7,-0.66,2021,Wednesday,1
256,Nifty 50,2021-01-07,14253.75,14137.35,-116.4,-0.82,2021,Thursday,1
257,Nifty 50,2021-01-08,14258.4,14347.25,88.85,0.62,2021,Friday,1
258,Nifty 50,2021-01-11,14474.05,14484.75,10.7,0.07,2021,Monday,2
259,Nifty 50,2021-01-12,14473.8,14563.45,89.65,0.62,2021,Tuesday,2
260,Nifty 50,2021-01-13,14639.8,14564.85,-74.95,-0.51,2021,Wednesday,2
261,Nifty 50,2021-01-14,14550.05,14595.6,45.55,0.31,2021,Thursday,2
262,Nifty 50,2021-01-15,14594.35,14433.7,-160.65,-1.1,2021,Friday,2
263,Nifty 50,2021-01-18,14453.3,14281.3,-172.0,-1.19,2021,Monday,3
264,Nifty 50,2021-01-19,14371.65,14521.15,149.5,1.04,2021,Tuesday,3
265,Nifty 50,2021-01-20,14538.3,14644.7,106.4,0.73,2021,Wednesday,3
266,Nifty 50,2021-01-21,14730.95,14590.35,-140.6,-0.95,2021,Thursday,3
267,Nifty 50,2021-01-22,14583.4,14371.9,-211.5,-1.45,2021,Friday,3
268,Nifty 50,2021-01-25,14477.8,14238.9,-238.9,-1.65,2021,Monday,4
269,Nifty 50,2021-01-27,14237.95,13967.5,-270.45,-1.9,2021,Wednesday,4
270,Nifty 50,2021-01-28,13810.4,13817.55,7.15,0.05,2021,Thursday,4
271,Nifty 50,2021-01-29,13946.6,13634.6,-312.0,-2.24,2021,Friday,4
272,Nifty 50,2021-02-01,13758.6,14281.2,522.6,3.8,2021,Monday,5
273,Nifty 50,2021-02-02,14481.1,14647.85,166.75,1.15,2021,Tuesday,5
274,Nifty 50,2021-02-03,14754.9,14789.95,35.05,0.24,2021,Wednesday,5
275,Nifty 50,2021-02-04,14789.05,14895.65,106.6,0.72,2021,Thursday,5
276,Nifty 50,2021-02-05,14952.6,14924.25,-28.35,-0.19,2021,Friday,5
277,Nifty 50,2021-02-08,15064.3,15115.8,51.5,0.34,2021,Monday,6
278,Nifty 50,2021-02-09,15164.15,15109.3,-54.85,-0.36,2021,Tuesday,6
279,Nifty 50,2021-02-10,15119.05,15106.5,-12.55,-0.08,2021,Wednesday,6
280,Nifty 50,2021-02-11,15073.25,15173.3,100.05,0.66,2021,Thursday,6
281,Nifty 50,2021-02-12,15186.2,15163.3,-22.9,-0.15,2021,Friday,6
282,Nifty 50,2021-02-15,15270.3,15314.7,44.4,0.29,2021,Monday,7
283,Nifty 50,2021-02-16,15371.45,15313.45,-58.0,-0.38,2021,Tuesday,7
284,Nifty 50,2021-02-17,15279.9,15208.9,-71.0,-0.46,2021,Wednesday,7
285,Nifty 50,2021-02-18,15238.7,15118.95,-119.75,-0.79,2021,Thursday,7
286,Nifty 50,2021-02-19,15074.8,14981.75,-93.05,-0.62,2021,Friday,7
287,Nifty 50,2021-02-22,14999.05,14675.7,-323.35,-2.16,2021,Monday,8
288,Nifty 50,2021-02-23,14782.25,14707.8,-74.45,-0.5,2021,Tuesday,8
289,Nifty 50,2021-02-24,14729.15,14982.0,252.85,1.72,2021,Wednesday,8
290,Nifty 50,2021-02-25,15079.85,15097.35,17.5,0.12,2021,Thursday,8
291,Nifty 50,2021-02-26,14888.6,14529.15,-359.45,-2.41,2021,Friday,8
292,Nifty 50,2021-03-01,14702.5,14761.55,59.05,0.4,2021,Monday,9
293,Nifty 50,2021-03-02,14865.3,14919.1,53.8,0.36,2021,Tuesday,9
294,Nifty 50,2021-03-03,15064.4,15245.6,181.2,1.2,2021,Wednesday,9
295,Nifty 50,2021-03-04,15026.75,15080.75,54.0,0.36,2021,Thursday,9
296,Nifty 50,2021-03-05,14977.95,14938.1,-39.85,-0.27,2021,Friday,9
297,Nifty 50,2021-03-08,15002.45,14956.2,-46.25,-0.31,2021,Monday,10
298,Nifty 50,2021-03-09,15049.9,15098.4,48.5,0.32,2021,Tuesday,10
299,Nifty 50,2021-03-10,15202.15,15174.8,-27.35,-0.18,2021,Wednesday,10
300,Nifty 50,2021-03-12,15321.15,15030.95,-290.2,-1.89,2021,Friday,10
301,Nifty 50,2021-03-15,15048.4,14929.5,-118.9,-0.79,2021,Monday,11
302,Nifty 50,2021-03-16,14996.1,14910.45,-85.65,-0.57,2021,Tuesday,11
303,Nifty 50,2021-03-17,14946.55,14721.3,-225.25,-1.51,2021,Wednesday,11
304,Nifty 50,2021-03-18,14855.5,14557.85,-297.65,-2.0,2021,Thursday,11
305,Nifty 50,2021-03-19,14471.15,14744.0,272.85,1.89,2021,Friday,11
306,Nifty 50,2021-03-22,14736.3,14736.4,0.1,0.0,2021,Monday,12
307,Nifty 50,2021-03-23,14768.55,14814.75,46.2,0.31,2021,Tuesday,12
308,Nifty 50,2021-03-24,14712.45,14549.4,-163.05,-1.11,2021,Wednesday,12
309,Nifty 50,2021-03-25,14570.9,14324.9,-246.0,-1.69,2021,Thursday,12
310,Nifty 50,2021-03-26,14506.3,14507.3,1.0,0.01,2021,Friday,12
311,Nifty 50,2021-03-30,14628.5,14845.1,216.6,1.48,2021,Tuesday,13
312,Nifty 50,2021-03-31,14811.85,14690.7,-121.15,-0.82,2021,Wednesday,13
313,Nifty 50,2021-04-01,14798.4,14867.35,68.95,0.47,2021,Thursday,13
314,Nifty 50,2021-04-05,14837.7,14637.8,-199.9,-1.35,2021,Monday,14
315,Nifty 50,2021-04-06,14737.0,14683.5,-53.5,-0.36,2021,Tuesday,14
316,Nifty 50,2021-04-07,14716.45,14819.05,102.6,0.7,2021,Wednesday,14
317,Nifty 50,2021-04-08,14875.65,14873.8,-1.85,-0.01,2021,Thursday,14
318,Nifty 50,2021-04-09,14882.65,14834.85,-47.8,-0.32,2021,Friday,14
319,Nifty 50,2021-04-12,14644.65,14310.8,-333.85,-2.28,2021,Monday,15
320,Nifty 50,2021-04-13,14364.9,14504.8,139.9,0.97,2021,Tuesday,15
321,Nifty 50,2021-04-15,14522.4,14581.45,59.05,0.41,2021,Thursday,15
322,Nifty 50,2021-04-16,14599.6,14617.85,18.25,0.13,2021,Friday,15
323,Nifty 50,2021-04-19,14306.6,14359.45,52.85,0.37,2021,Monday,16
324,Nifty 50,2021-04-20,14526.7,14296.4,-230.3,-1.59,2021,Tuesday,16
325,Nifty 50,2021-04-22,14219.15,14406.15,187.0,1.32,2021,Thursday,16
326,Nifty 50,2021-04-23,14326.35,14341.35,15.0,0.1,2021,Friday,16
327,Nifty 50,2021-04-26,14449.45,14485.0,35.55,0.25,2021,Monday,17
328,Nifty 50,2021-04-27,14493.8,14653.05,159.25,1.1,2021,Tuesday,17
329,Nifty 50,2021-04-28,14710.5,14864.55,154.05,1.05,2021,Wednesday,17
330,Nifty 50,2021-04-29,14979.0,14894.9,-84.1,-0.56,2021,Thursday,17
331,Nifty 50,2021-04-30,14747.35,14631.1,-116.25,-0.79,2021,Friday,17
332,Nifty 50,2021-05-03,14481.05,14634.15,153.1,1.06,2021,Monday,18
333,Nifty 50,2021-05-04,14687.25,14496.5,-190.75,-1.3,2021,Tuesday,18
334,Nifty 50,2021-05-05,14604.15,14617.85,13.7,0.09,2021,Wednesday,18
335,Nifty 50,2021-05-06,14668.35,14724.8,56.45,0.38,2021,Thursday,18
336,Nifty 50,2021-05-07,14816.85,14823.15,6.3,0.04,2021,Friday,18
337,Nifty 50,2021-05-10,14928.25,14942.35,14.1,0.09,2021,Monday,19
338,Nifty 50,2021-05-11,14789.7,14850.75,61.05,0.41,2021,Tuesday,19
339,Nifty 50,2021-05-12,14823.55,14696.5,-127.05,-0.86,2021,Wednesday,19
340,Nifty 50,2021-05-14,14749.4,14677.8,-71.6,-0.49,2021,Friday,19
341,Nifty 50,2021-05-17,14756.25,14923.15,166.9,1.13,2021,Monday,20
342,Nifty 50,2021-05-18,15067.2,15108.1,40.9,0.27,2021,Tuesday,20
343,Nifty 50,2021-05-19,15058.6,15030.15,-28.45,-0.19,2021,Wednesday,20
344,Nifty 50,2021-05-20,15042.6,14906.05,-136.55,-0.91,2021,Thursday,20
345,Nifty 50,2021-05-21,14987.8,15175.3,187.5,1.25,2021,Friday,20
346,Nifty 50,2021-05-24,15211.35,15197.7,-13.65,-0.09,2021,Monday,21
347,Nifty 50,2021-05-25,15291.75,15208.45,-83.3,-0.54,2021,Tuesday,21
348,Nifty 50,2021-05-26,15257.05,15301.45,44.4,0.29,2021,Wednesday,21
349,Nifty 50,2021-05-27,15323.95,15337.85,13.9,0.09,2021,Thursday,21
350,Nifty 50,2021-05-28,15421.2,15435.65,14.45,0.09,2021,Friday,21
351,Nifty 50,2021-05-31,15437.75,15582.8,145.05,0.94,2021,Monday,22
352,Nifty 50,2021-06-01,15629.65,15574.85,-54.8,-0.35,2021,Tuesday,22
353,Nifty 50,2021-06-02,15520.35,15576.2,55.85,0.36,2021,Wednesday,22
354,Nifty 50,2021-06-03,15655.55,15690.35,34.8,0.22,2021,Thursday,22
355,Nifty 50,2021-06-04,15712.5,15670.25,-42.25,-0.27,2021,Friday,22
356,Nifty 50,2021-06-07,15725.1,15751.65,26.55,0.17,2021,Monday,23
357,Nifty 50,2021-06-08,15773.9,15740.1,-33.8,-0.21,2021,Tuesday,23
358,Nifty 50,2021-06-09,15766.3,15635.35,-130.95,-0.83,2021,Wednesday,23
359,Nifty 50,2021-06-10,15692.1,15737.75,45.65,0.29,2021,Thursday,23
360,Nifty 50,2021-06-11,15796.45,15799.35,2.9,0.02,2021,Friday,23
361,Nifty 50,2021-06-14,15791.4,15811.85,20.45,0.13,2021,Monday,24
362,Nifty 50,2021-06-15,15866.95,15869.25,2.3,0.01,2021,Tuesday,24
363,Nifty 50,2021-06-16,15847.5,15767.55,-79.95,-0.5,2021,Wednesday,24
364,Nifty 50,2021-06-17,15648.3,15691.4,43.1,0.28,2021,Thursday,24
365,Nifty 50,2021-06-18,15756.5,15683.35,-73.15,-0.46,2021,Friday,24
366,Nifty 50,2021-06-21,15525.85,15746.5,220.65,1.42,2021,Monday,25
367,Nifty 50,2021-06-22,15840.5,15772.75,-67.75,-0.43,2021,Tuesday,25
368,Nifty 50,2021-06-23,15862.8,15686.95,-175.85,-1.11,2021,Wednesday,25
369,Nifty 50,2021-06-24,15737.3,15790.45,53.15,0.34,2021,Thursday,25
370,Nifty 50,2021-06-25,15839.35,15860.35,21.0,0.13,2021,Friday,25
371,Nifty 50,2021-06-28,15915.35,15814.7,-100.65,-0.63,2021,Monday,26
372,Nifty 50,2021-06-29,15807.5,15748.45,-59.05,-0.37,2021,Tuesday,26
373,Nifty 50,2021-06-30,15776.9,15721.5,-55.4,-0.35,2021,Wednesday,26
374,Nifty 50,2021-07-01,15755.05,15680.0,-75.05,-0.48,2021,Thursday,26
375,Nifty 50,2021-07-02,15705.85,15722.2,16.35,0.1,2021,Friday,26
376,Nifty 50,2021-07-05,15793.4,15834.35,40.95,0.26,2021,Monday,27
377,Nifty 50,2021-07-06,15813.75,15818.25,4.5,0.03,2021,Tuesday,27
378,Nifty 50,2021-07-07,15819.6,15879.65,60.05,0.38,2021,Wednesday,27
379,Nifty 50,2021-07-08,15855.4,15727.9,-127.5,-0.8,2021,Thursday,27
380,Nifty 50,2021-07-09,15688.25,15689.8,1.55,0.01,2021,Friday,27
381,Nifty 50,2021-07-12,15766.8,15692.6,-74.2,-0.47,2021,Monday,28
382,Nifty 50,2021-07-13,15794.0,15812.35,18.35,0.12,2021,Tuesday,28
383,Nifty 50,2021-07-14,15808.7,15853.95,45.25,0.29,2021,Wednesday,28
384,Nifty 50,2021-07-15,15872.15,15924.2,52.05,0.33,2021,Thursday,28
385,Nifty 50,2021-07-16,15958.35,15923.4,-34.95,-0.22,2021,Friday,28
386,Nifty 50,2021-07-19,15754.5,15752.4,-2.1,-0.01,2021,Monday,29
387,Nifty 50,2021-07-20,15703.95,15632.1,-71.85,-0.46,2021,Tuesday,29
388,Nifty 50,2021-07-22,15736.6,15824.05,87.45,0.56,2021,Thursday,29
389,Nifty 50,2021-07-23,15856.8,15856.05,-0.75,-0.0,2021,Friday,29
390,Nifty 50,2021-07-26,15849.3,15824.45,-24.85,-0.16,2021,Monday,30
391,Nifty 50,2021-07-27,15860.5,15746.45,-114.05,-0.72,2021,Tuesday,30
392,Nifty 50,2021-07-28,15761.55,15709.4,-52.15,-0.33,2021,Wednesday,30
393,Nifty 50,2021-07-29,15762.7,15778.45,15.75,0.1,2021,Thursday,30
394,Nifty 50,2021-07-30,15800.6,15763.05,-37.55,-0.24,2021,Friday,30
395,Nifty 50,2021-08-02,15874.9,15885.15,10.25,0.06,2021,Monday,31
396,Nifty 50,2021-08-03,15951.55,16130.75,179.2,1.12,2021,Tuesday,31
397,Nifty 50,2021-08-04,16195.25,16258.8,63.55,0.39,2021,Wednesday,31
398,Nifty 50,2021-08-05,16288.95,16294.6,5.65,0.03,2021,Thursday,31
399,Nifty 50,2021-08-06,16304.4,16238.2,-66.2,-0.41,2021,Friday,31
400,Nifty 50,2021-08-09,16281.35,16258.25,-23.1,-0.14,2021,Monday,32
401,Nifty 50,2021-08-10,16274.8,16280.1,5.3,0.03,2021,Tuesday,32
402,Nifty 50,2021-08-11,16327.3,16282.25,-45.05,-0.28,2021,Wednesday,32
403,Nifty 50,2021-08-12,16303.65,16364.4,60.75,0.37,2021,Thursday,32
404,Nifty 50,2021-08-13,16385.7,16529.1,143.4,0.88,2021,Friday,32
405,Nifty 50,2021-08-16,16518.4,16563.05,44.65,0.27,2021,Monday,33
406,Nifty 50,2021-08-17,16545.25,16614.6,69.35,0.42,2021,Tuesday,33
407,Nifty 50,2021-08-18,16691.95,16568.85,-123.1,-0.74,2021,Wednesday,33
408,Nifty 50,2021-08-20,16382.5,16450.5,68.0,0.42,2021,Friday,33
409,Nifty 50,2021-08-23,16592.25,16496.45,-95.8,-0.58,2021,Monday,34
410,Nifty 50,2021-08-24,16561.4,16624.6,63.2,0.38,2021,Tuesday,34
411,Nifty 50,2021-08-25,16654.0,16634.65,-19.35,-0.12,2021,Wednesday,34
412,Nifty 50,2021-08-26,16627.95,16636.9,8.95,0.05,2021,Thursday,34
413,Nifty 50,2021-08-27,16642.55,16705.2,62.65,0.38,2021,Friday,34
414,Nifty 50,2021-08-30,16775.85,16931.05,155.2,0.93,2021,Monday,35
415,Nifty 50,2021-08-31,16947.5,17132.2,184.7,1.09,2021,Tuesday,35
416,Nifty 50,2021-09-01,17185.6,17076.25,-109.35,-0.64,2021,Wednesday,35
417,Nifty 50,2021-09-02,17095.4,17234.15,138.75,0.81,2021,Thursday,35
418,Nifty 50,2021-09-03,17262.45,17323.6,61.15,0.35,2021,Friday,35
419,Nifty 50,2021-09-06,17399.35,17377.8,-21.55,-0.12,2021,Monday,36
420,Nifty 50,2021-09-07,17401.55,17362.1,-39.45,-0.23,2021,Tuesday,36
421,Nifty 50,2021-09-08,17375.75,17353.5,-22.25,-0.13,2021,Wednesday,36
422,Nifty 50,2021-09-09,17312.85,17369.25,56.4,0.33,2021,Thursday,36
423,Nifty 50,2021-09-13,17363.55,17355.3,-8.25,-0.05,2021,Monday,37
424,Nifty 50,2021-09-14,17420.35,17380.0,-40.35,-0.23,2021,Tuesday,37
425,Nifty 50,2021-09-15,17387.65,17519.45,131.8,0.76,2021,Wednesday,37
426,Nifty 50,2021-09-16,17539.2,17629.5,90.3,0.51,2021,Thursday,37
427,Nifty 50,2021-09-17,17709.65,17585.15,-124.5,-0.7,2021,Friday,37
428,Nifty 50,2021-09-20,17443.85,17396.9,-46.95,-0.27,2021,Monday,38
429,Nifty 50,2021-09-21,17450.5,17562.0,111.5,0.64,2021,Tuesday,38
430,Nifty 50,2021-09-22,17580.9,17546.65,-34.25,-0.19,2021,Wednesday,38
431,Nifty 50,2021-09-23,17670.85,17822.95,152.1,0.86,2021,Thursday,38
432,Nifty 50,2021-09-24,17897.45,17853.2,-44.25,-0.25,2021,Friday,38
433,Nifty 50,2021-09-27,17932.2,17855.1,-77.1,-0.43,2021,Monday,39
434,Nifty 50,2021-09-28,17906.45,17748.6,-157.85,-0.88,2021,Tuesday,39
435,Nifty 50,2021-09-29,17657.95,17711.3,53.35,0.3,2021,Wednesday,39
436,Nifty 50,2021-09-30,17718.9,17618.15,-100.75,-0.57,2021,Thursday,39
437,Nifty 50,2021-10-01,17531.9,17532.05,0.15,0.0,2021,Friday,39
438,Nifty 50,2021-10-04,17615.55,17691.25,75.7,0.43,2021,Monday,40
439,Nifty 50,2021-10-05,17661.35,17822.3,160.95,0.91,2021,Tuesday,40
440,Nifty 50,2021-10-06,17861.5,17646.0,-215.5,-1.21,2021,Wednesday,40
441,Nifty 50,2021-10-07,17810.55,17790.35,-20.2,-0.11,2021,Thursday,40
442,Nifty 50,2021-10-08,17886.85,17895.2,8.35,0.05,2021,Friday,40
443,Nifty 50,2021-10-11,17867.55,17945.95,78.4,0.44,2021,Monday,41
444,Nifty 50,2021-10-12,17915.8,17991.95,76.15,0.43,2021,Tuesday,41
445,Nifty 50,2021-10-13,18097.85,18161.75,63.9,0.35,2021,Wednesday,41
446,Nifty 50,2021-10-14,18272.85,18338.55,65.7,0.36,2021,Thursday,41
447,Nifty 50,2021-10-18,18500.1,18477.05,-23.05,-0.12,2021,Monday,42
448,Nifty 50,2021-10-19,18602.35,18418.75,-183.6,-0.99,2021,Tuesday,42
449,Nifty 50,2021-10-20,18439.9,18266.6,-173.3,-0.94,2021,Wednesday,42
450,Nifty 50,2021-10-21,18382.7,18178.1,-204.6,-1.11,2021,Thursday,42
451,Nifty 50,2021-10-22,18230.7,18114.9,-115.8,-0.64,2021,Friday,42
452,Nifty 50,2021-10-25,18229.5,18125.4,-104.1,-0.57,2021,Monday,43
453,Nifty 50,2021-10-26,18154.5,18268.4,113.9,0.63,2021,Tuesday,43
454,Nifty 50,2021-10-27,18295.85,18210.95,-84.9,-0.46,2021,Wednesday,43
455,Nifty 50,2021-10-28,18187.65,17857.25,-330.4,-1.82,2021,Thursday,43
456,Nifty 50,2021-10-29,17833.05,17671.65,-161.4,-0.91,2021,Friday,43
457,Nifty 50,2021-11-01,17783.15,17929.65,146.5,0.82,2021,Monday,44
458,Nifty 50,2021-11-02,17970.9,17888.95,-81.95,-0.46,2021,Tuesday,44
459,Nifty 50,2021-11-03,17947.95,17829.2,-118.75,-0.66,2021,Wednesday,44
460,Nifty 50,2021-11-04,17935.05,17916.8,-18.25,-0.1,2021,Thursday,44
461,Nifty 50,2021-11-08,18040.2,18068.55,28.35,0.16,2021,Monday,45
462,Nifty 50,2021-11-09,18084.35,18044.25,-40.1,-0.22,2021,Tuesday,45
463,Nifty 50,2021-11-10,17973.45,18017.2,43.75,0.24,2021,Wednesday,45
464,Nifty 50,2021-11-11,17967.45,17873.6,-93.85,-0.52,2021,Thursday,45
465,Nifty 50,2021-11-12,17977.6,18102.75,125.15,0.7,2021,Friday,45
466,Nifty 50,2021-11-15,18140.95,18109.45,-31.5,-0.17,2021,Monday,46
467,Nifty 50,2021-11-16,18127.05,17999.2,-127.85,-0.71,2021,Tuesday,46
468,Nifty 50,2021-11-17,17939.35,17898.65,-40.7,-0.23,2021,Wednesday,46
469,Nifty 50,2021-11-18,17890.55,17764.8,-125.75,-0.7,2021,Thursday,46
470,Nifty 50,2021-11-22,17796.25,17416.55,-379.7,-2.13,2021,Monday,47
471,Nifty 50,2021-11-23,17281.75,17503.35,221.6,1.28,2021,Tuesday,47
472,Nifty 50,2021-11-24,17550.05,17415.05,-135.0,-0.77,2021,Wednesday,47
473,Nifty 50,2021-11-25,17417.3,17536.25,118.95,0.68,2021,Thursday,47
474,Nifty 50,2021-11-26,17338.75,17026.45,-312.3,-1.8,2021,Friday,47
475,Nifty 50,2021-11-29,17055.8,17053.95,-1.85,-0.01,2021,Monday,48
476,Nifty 50,2021-11-30,17051.15,16983.2,-67.95,-0.4,2021,Tuesday,48
477,Nifty 50,2021-12-01,17104.4,17166.9,62.5,0.37,2021,Wednesday,48
478,Nifty 50,2021-12-02,17183.2,17401.65,218.45,1.27,2021,Thursday,48
479,Nifty 50,2021-12-03,17424.9,17196.7,-228.2,-1.31,2021,Friday,48
480,Nifty 50,2021-12-06,17209.05,16912.25,-296.8,-1.72,2021,Monday,49
481,Nifty 50,2021-12-07,17044.1,17176.7,132.6,0.78,2021,Tuesday,49
482,Nifty 50,2021-12-08,17315.25,17469.75,154.5,0.89,2021,Wednesday,49
483,Nifty 50,2021-12-09,17524.4,17516.85,-7.55,-0.04,2021,Thursday,49
484,Nifty 50,2021-12-10,17476.05,17511.3,35.25,0.2,2021,Friday,49
485,Nifty 50,2021-12-13,17619.1,17368.25,-250.85,-1.42,2021,Monday,50
486,Nifty 50,2021-12-14,17283.2,17324.9,41.7,0.24,2021,Tuesday,50
487,Nifty 50,2021-12-15,17323.65,17221.4,-102.25,-0.59,2021,Wednesday,50
488,Nifty 50,2021-12-16,17373.0,17248.4,-124.6,-0.72,2021,Thursday,50
489,Nifty 50,2021-12-17,17276.0,16985.2,-290.8,-1.68,2021,Friday,50
490,Nifty 50,2021-12-20,16824.25,16614.2,-210.05,-1.25,2021,Monday,51
491,Nifty 50,2021-12-21,16773.15,16770.85,-2.3,-0.01,2021,Tuesday,51
492,Nifty 50,2021-12-22,16865.55,16955.45,89.9,0.53,2021,Wednesday,51
493,Nifty 50,2021-12-23,17066.8,17072.6,5.8,0.03,2021,Thursday,51
494,Nifty 50,2021-12-24,17149.5,17003.75,-145.75,-0.85,2021,Friday,51
495,Nifty 50,2021-12-27,16937.75,17086.25,148.5,0.88,2021,Monday,52
496,Nifty 50,2021-12-28,17177.6,17233.25,55.65,0.32,2021,Tuesday,52
497,Nifty 50,2021-12-29,17220.1,17213.6,-6.5,-0.04,2021,Wednesday,52
498,Nifty 50,2021-12-30,17201.45,17203.95,2.5,0.01,2021,Thursday,52
499,Nifty 50,2021-12-31,17244.5,17354.05,109.55,0.64,2021,Friday,52
500,Nifty 50,2022-01-03,17387.15,17625.7,238.55,1.37,2022,Monday,1
501,Nifty 50,2022-01-04,17681.4,17805.25,123.85,0.7,2022,Tuesday,1
502,Nifty 50,2022-01-05,17820.1,17925.25,105.15,0.59,2022,Wednesday,1
503,Nifty 50,2022-01-06,17768.5,17745.9,-22.6,-0.13,2022,Thursday,1
504,Nifty 50,2022-01-07,17797.6,17812.7,15.1,0.08,2022,Friday,1
505,Nifty 50,2022-01-10,17913.3,18003.3,90.0,0.5,2022,Monday,2
506,Nifty 50,2022-01-11,17997.75,18055.75,58.0,0.32,2022,Tuesday,2
507,Nifty 50,2022-01-12,18170.4,18212.35,41.95,0.23,2022,Wednesday,2
508,Nifty 50,2022-01-13,18257.0,18257.8,0.8,0.0,2022,Thursday,2
509,Nifty 50,2022-01-14,18185.0,18255.75,70.75,0.39,2022,Friday,2
510,Nifty 50,2022-01-17,18235.65,18308.1,72.45,0.4,2022,Monday,3
511,Nifty 50,2022-01-18,18337.2,18113.05,-224.15,-1.22,2022,Tuesday,3
512,Nifty 50,2022-01-19,18129.2,17938.4,-190.8,-1.05,2022,Wednesday,3
513,Nifty 50,2022-01-20,17921.0,17757.0,-164.0,-0.92,2022,Thursday,3
514,Nifty 50,2022-01-21,17613.7,17617.15,3.45,0.02,2022,Friday,3
515,Nifty 50,2022-01-24,17575.15,17149.1,-426.05,-2.42,2022,Monday,4
516,Nifty 50,2022-01-25,17001.55,17277.95,276.4,1.63,2022,Tuesday,4
517,Nifty 50,2022-01-27,17062.0,17110.15,48.15,0.28,2022,Thursday,4
518,Nifty 50,2022-01-28,17208.3,17101.95,-106.35,-0.62,2022,Friday,4
519,Nifty 50,2022-01-31,17301.05,17339.85,38.8,0.22,2022,Monday,5
520,Nifty 50,2022-02-01,17529.45,17576.85,47.4,0.27,2022,Tuesday,5
521,Nifty 50,2022-02-02,17706.2,17780.0,73.8,0.42,2022,Wednesday,5
522,Nifty 50,2022-02-03,17767.75,17560.2,-207.55,-1.17,2022,Thursday,5
523,Nifty 50,2022-02-04,17590.2,17516.3,-73.9,-0.42,2022,Friday,5
524,Nifty 50,2022-02-07,17456.3,17213.6,-242.7,-1.39,2022,Monday,6
525,Nifty 50,2022-02-08,17279.85,17266.75,-13.1,-0.08,2022,Tuesday,6
526,Nifty 50,2022-02-09,17370.1,17463.8,93.7,0.54,2022,Wednesday,6
527,Nifty 50,2022-02-10,17554.1,17605.85,51.75,0.29,2022,Thursday,6
528,Nifty 50,2022-02-11,17451.0,17374.75,-76.25,-0.44,2022,Friday,6
529,Nifty 50,2022-02-14,17076.15,16842.8,-233.35,-1.37,2022,Monday,7
530,Nifty 50,2022-02-15,16933.25,17352.45,419.2,2.48,2022,Tuesday,7
531,Nifty 50,2022-02-16,17408.45,17322.2,-86.25,-0.5,2022,Wednesday,7
532,Nifty 50,2022-02-17,17396.55,17304.6,-91.95,-0.53,2022,Thursday,7
533,Nifty 50,2022-02-18,17236.05,17276.3,40.25,0.23,2022,Friday,7
534,Nifty 50,2022-02-21,17192.25,17206.65,14.4,0.08,2022,Monday,8
535,Nifty 50,2022-02-22,16847.95,17092.2,244.25,1.45,2022,Tuesday,8
536,Nifty 50,2022-02-23,17194.5,17063.25,-131.25,-0.76,2022,Wednesday,8
537,Nifty 50,2022-02-24,16548.9,16247.95,-300.95,-1.82,2022,Thursday,8
538,Nifty 50,2022-02-25,16515.65,16658.4,142.75,0.86,2022,Friday,8
539,Nifty 50,2022-02-28,16481.6,16793.9,312.3,1.89,2022,Monday,9
540,Nifty 50,2022-03-02,16593.1,16605.95,12.85,0.08,2022,Wednesday,9
541,Nifty 50,2022-03-03,16723.2,16498.05,-225.15,-1.35,2022,Thursday,9
542,Nifty 50,2022-03-04,16339.45,16245.35,-94.1,-0.58,2022,Friday,9
543,Nifty 50,2022-03-07,15867.95,15863.15,-4.8,-0.03,2022,Monday,10
544,Nifty 50,2022-03-08,15747.75,16013.45,265.7,1.69,2022,Tuesday,10
545,Nifty 50,2022-03-09,16078.0,16345.35,267.35,1.66,2022,Wednesday,10
546,Nifty 50,2022-03-10,16757.1,16594.9,-162.2,-0.97,2022,Thursday,10
547,Nifty 50,2022-03-11,16528.8,16630.45,101.65,0.61,2022,Friday,10
548,Nifty 50,2022-03-14,16633.7,16871.3,237.6,1.43,2022,Monday,11
549,Nifty 50,2022-03-15,16900.65,16663.0,-237.65,-1.41,2022,Tuesday,11
550,Nifty 50,2022-03-16,16876.65,16975.35,98.7,0.58,2022,Wednesday,11
551,Nifty 50,2022-03-17,17202.9,17287.05,84.15,0.49,2022,Thursday,11
552,Nifty 50,2022-03-21,17329.5,17117.6,-211.9,-1.22,2022,Monday,12
553,Nifty 50,2022-03-22,17120.4,17315.5,195.1,1.14,2022,Tuesday,12
554,Nifty 50,2022-03-23,17405.05,17245.65,-159.4,-0.92,2022,Wednesday,12
555,Nifty 50,2022-03-24,17094.95,17222.75,127.8,0.75,2022,Thursday,12
556,Nifty 50,2022-03-25,17289.0,17153.0,-136.0,-0.79,2022,Friday,12
557,Nifty 50,2022-03-28,17181.85,17222.0,40.15,0.23,2022,Monday,13
558,Nifty 50,2022-03-29,17297.2,17325.3,28.1,0.16,2022,Tuesday,13
559,Nifty 50,2022-03-30,17468.15,17498.25,30.1,0.17,2022,Wednesday,13
560,Nifty 50,2022-03-31,17519.2,17464.75,-54.45,-0.31,2022,Thursday,13
561,Nifty 50,2022-04-01,17436.9,17670.45,233.55,1.34,2022,Friday,13
562,Nifty 50,2022-04-04,17809.1,18053.4,244.3,1.37,2022,Monday,14
563,Nifty 50,2022-04-05,18080.6,17957.4,-123.2,-0.68,2022,Tuesday,14
564,Nifty 50,2022-04-06,17842.75,17807.65,-35.1,-0.2,2022,Wednesday,14
565,Nifty 50,2022-04-07,17723.3,17639.55,-83.75,-0.47,2022,Thursday,14
566,Nifty 50,2022-04-08,17698.15,17784.35,86.2,0.49,2022,Friday,14
567,Nifty 50,2022-04-11,17740.9,17674.95,-65.95,-0.37,2022,Monday,15
568,Nifty 50,2022-04-12,17584.85,17530.3,-54.55,-0.31,2022,Tuesday,15
569,Nifty 50,2022-04-13,17599.9,17475.65,-124.25,-0.71,2022,Wednesday,15
570,Nifty 50,2022-04-18,17183.45,17173.65,-9.8,-0.06,2022,Monday,16
571,Nifty 50,2022-04-19,17258.95,16958.65,-300.3,-1.74,2022,Tuesday,16
572,Nifty 50,2022-04-20,17045.25,17136.55,91.3,0.54,2022,Wednesday,16
573,Nifty 50,2022-04-21,17234.6,17392.6,158.0,0.92,2022,Thursday,16
574,Nifty 50,2022-04-22,17242.75,17171.95,-70.8,-0.41,2022,Friday,16
575,Nifty 50,2022-04-25,17009.05,16953.95,-55.1,-0.32,2022,Monday,17
576,Nifty 50,2022-04-26,17121.3,17200.8,79.5,0.46,2022,Tuesday,17
577,Nifty 50,2022-04-27,17073.35,17038.4,-34.95,-0.2,2022,Wednesday,17
578,Nifty 50,2022-04-28,17189.5,17245.05,55.55,0.32,2022,Thursday,17
579,Nifty 50,2022-04-29,17329.25,17102.55,-226.7,-1.31,2022,Friday,17
580,Nifty 50,2022-05-02,16924.45,17069.1,144.65,0.85,2022,Monday,18
581,Nifty 50,2022-05-04,17096.6,16677.6,-419.0,-2.45,2022,Wednesday,18
582,Nifty 50,2022-05-05,16854.75,16682.65,-172.1,-1.02,2022,Thursday,18
583,Nifty 50,2022-05-06,16415.55,16411.25,-4.3,-0.03,2022,Friday,18
584,Nifty 50,2022-05-09,16227.7,16301.85,74.15,0.46,2022,Monday,19
585,Nifty 50,2022-05-10,16248.9,16240.05,-8.85,-0.05,2022,Tuesday,19
586,Nifty 50,2022-05-11,16270.05,16167.1,-102.95,-0.63,2022,Wednesday,19
587,Nifty 50,2022-05-12,16021.1,15808.0,-213.1,-1.33,2022,Thursday,19
588,Nifty 50,2022-05-13,15977.0,15782.15,-194.85,-1.22,2022,Friday,19
589,Nifty 50,2022-05-16,15845.1,15842.3,-2.8,-0.02,2022,Monday,20
590,Nifty 50,2022-05-17,15912.6,16259.3,346.7,2.18,2022,Tuesday,20
591,Nifty 50,2022-05-18,16318.15,16240.3,-77.85,-0.48,2022,Wednesday,20
592,Nifty 50,2022-05-19,15917.4,15809.4,-108.0,-0.68,2022,Thursday,20
593,Nifty 50,2022-05-20,16043.8,16266.15,222.35,1.39,2022,Friday,20
594,Nifty 50,2022-05-23,16290.95,16214.7,-76.25,-0.47,2022,Monday,21
595,Nifty 50,2022-05-24,16225.55,16125.15,-100.4,-0.62,2022,Tuesday,21
596,Nifty 50,2022-05-25,16196.35,16025.8,-170.55,-1.05,2022,Wednesday,21
597,Nifty 50,2022-05-26,16105.0,16170.15,65.15,0.4,2022,Thursday,21
598,Nifty 50,2022-05-27,16296.6,16352.45,55.85,0.34,2022,Friday,21
599,Nifty 50,2022-05-30,16527.9,16661.4,133.5,0.81,2022,Monday,22
600,Nifty 50,2022-05-31,16578.45,16584.55,6.1,0.04,2022,Tuesday,22
601,Nifty 50,2022-06-01,16594.4,16522.75,-71.65,-0.43,2022,Wednesday,22
602,Nifty 50,2022-06-02,16481.65,16628.0,146.35,0.89,2022,Thursday,22
603,Nifty 50,2022-06-03,16761.65,16584.3,-177.35,-1.06,2022,Friday,22
604,Nifty 50,2022-06-06,16530.7,16569.55,38.85,0.24,2022,Monday,23
605,Nifty 50,2022-06-07,16469.6,16416.35,-53.25,-0.32,2022,Tuesday,23
606,Nifty 50,2022-06-08,16474.95,16356.25,-118.7,-0.72,2022,Wednesday,23
607,Nifty 50,2022-06-09,16263.85,16478.1,214.25,1.32,2022,Thursday,23
608,Nifty 50,2022-06-10,16283.95,16201.8,-82.15,-0.5,2022,Friday,23
609,Nifty 50,2022-06-13,15877.55,15774.4,-103.15,-0.65,2022,Monday,24
610,Nifty 50,2022-06-14,15674.25,15732.1,57.85,0.37,2022,Tuesday,24
611,Nifty 50,2022-06-15,15729.25,15692.15,-37.1,-0.24,2022,Wednesday,24
612,Nifty 50,2022-06-16,15832.25,15360.6,-471.65,-2.98,2022,Thursday,24
613,Nifty 50,2022-06-17,15272.65,15293.5,20.85,0.14,2022,Friday,24
614,Nifty 50,2022-06-20,15334.5,15350.15,15.65,0.1,2022,Monday,25
615,Nifty 50,2022-06-21,15455.95,15638.8,182.85,1.18,2022,Tuesday,25
616,Nifty 50,2022-06-22,15545.65,15413.3,-132.35,-0.85,2022,Wednesday,25
617,Nifty 50,2022-06-23,15451.55,15556.65,105.1,0.68,2022,Thursday,25
618,Nifty 50,2022-06-24,15657.4,15699.25,41.85,0.27,2022,Friday,25
619,Nifty 50,2022-06-27,15926.2,15832.05,-94.15,-0.59,2022,Monday,26
620,Nifty 50,2022-06-28,15757.45,15850.2,92.75,0.59,2022,Tuesday,26
621,Nifty 50,2022-06-29,15701.7,15799.1,97.4,0.62,2022,Wednesday,26
622,Nifty 50,2022-06-30,15774.5,15780.25,5.75,0.04,2022,Thursday,26
623,Nifty 50,2022-07-01,15703.7,15752.05,48.35,0.31,2022,Friday,26
624,Nifty 50,2022-07-04,15710.5,15835.35,124.85,0.79,2022,Monday,27
625,Nifty 50,2022-07-05,15909.15,15810.85,-98.3,-0.62,2022,Tuesday,27
626,Nifty 50,2022-07-06,15818.2,15989.8,171.6,1.08,2022,Wednesday,27
627,Nifty 50,2022-07-07,16113.75,16132.9,19.15,0.12,2022,Thursday,27
628,Nifty 50,2022-07-08,16273.65,16220.6,-53.05,-0.33,2022,Friday,27
629,Nifty 50,2022-07-11,16136.15,16216.0,79.85,0.49,2022,Monday,28
630,Nifty 50,2022-07-12,16126.2,16058.3,-67.9,-0.42,2022,Tuesday,28
631,Nifty 50,2022-07-13,16128.2,15966.65,-161.55,-1.0,2022,Wednesday,28
632,Nifty 50,2022-07-14,16018.85,15938.65,-80.2,-0.5,2022,Thursday,28
633,Nifty 50,2022-07-15,16010.8,16049.2,38.4,0.24,2022,Friday,28
634,Nifty 50,2022-07-18,16151.4,16278.5,127.1,0.79,2022,Monday,29
635,Nifty 50,2022-07-19,16187.05,16340.55,153.5,0.95,2022,Tuesday,29
636,Nifty 50,2022-07-20,16562.8,16520.85,-41.95,-0.25,2022,Wednesday,29
637,Nifty 50,2022-07-21,16523.55,16605.25,81.7,0.49,2022,Thursday,29
638,Nifty 50,2022-07-22,16661.25,16719.45,58.2,0.35,2022,Friday,29
639,Nifty 50,2022-07-25,16662.55,16631.0,-31.55,-0.19,2022,Monday,30
640,Nifty 50,2022-07-26,16632.9,16483.85,-149.05,-0.9,2022,Tuesday,30
641,Nifty 50,2022-07-27,16475.35,16641.8,166.45,1.01,2022,Wednesday,30
642,Nifty 50,2022-07-28,16774.85,16929.6,154.75,0.92,2022,Thursday,30
643,Nifty 50,2022-07-29,17079.5,17158.25,78.75,0.46,2022,Friday,30
644,Nifty 50,2022-08-01,17243.2,17340.05,96.85,0.56,2022,Monday,31
645,Nifty 50,2022-08-02,17310.15,17345.45,35.3,0.2,2022,Tuesday,31
646,Nifty 50,2022-08-03,17349.25,17388.15,38.9,0.22,2022,Wednesday,31
647,Nifty 50,2022-08-04,17463.1,17382.0,-81.1,-0.46,2022,Thursday,31
648,Nifty 50,2022-08-05,17423.65,17397.5,-26.15,-0.15,2022,Friday,31
649,Nifty 50,2022-08-08,17401.5,17525.1,123.6,0.71,2022,Monday,32
650,Nifty 50,2022-08-10,17566.1,17534.75,-31.35,-0.18,2022,Wednesday,32
651,Nifty 50,2022-08-11,17711.65,17659.0,-52.65,-0.3,2022,Thursday,32
652,Nifty 50,2022-08-12,17659.65,17698.15,38.5,0.22,2022,Friday,32
653,Nifty 50,2022-08-16,17797.2,17825.25,28.05,0.16,2022,Tuesday,33
654,Nifty 50,2022-08-17,17868.15,17944.25,76.1,0.43,2022,Wednesday,33
655,Nifty 50,2022-08-18,17898.65,17956.5,57.85,0.32,2022,Thursday,33
656,Nifty 50,2022-08-19,17966.55,17758.45,-208.1,-1.16,2022,Friday,33
657,Nifty 50,2022-08-22,17682.9,17490.7,-192.2,-1.09,2022,Monday,34
658,Nifty 50,2022-08-23,17357.35,17577.5,220.15,1.27,2022,Tuesday,34
659,Nifty 50,2022-08-24,17525.45,17604.95,79.5,0.45,2022,Wednesday,34
660,Nifty 50,2022-08-25,17679.0,17522.45,-156.55,-0.89,2022,Thursday,34
661,Nifty 50,2022-08-26,17619.3,17558.9,-60.4,-0.34,2022,Friday,34
662,Nifty 50,2022-08-29,17188.65,17312.9,124.25,0.72,2022,Monday,35
663,Nifty 50,2022-08-30,17414.95,17759.3,344.35,1.98,2022,Tuesday,35
664,Nifty 50,2022-09-01,17485.7,17542.8,57.1,0.33,2022,Thursday,35
665,Nifty 50,2022-09-02,17598.4,17539.45,-58.95,-0.33,2022,Friday,35
666,Nifty 50,2022-09-05,17546.45,17665.8,119.35,0.68,2022,Monday,36
667,Nifty 50,2022-09-06,17695.7,17655.6,-40.1,-0.23,2022,Tuesday,36
668,Nifty 50,2022-09-07,17519.4,17624.4,105.0,0.6,2022,Wednesday,36
669,Nifty 50,2022-09-08,17748.15,17798.75,50.6,0.29,2022,Thursday,36
670,Nifty 50,2022-09-09,17923.35,17833.35,-90.0,-0.5,2022,Friday,36
671,Nifty 50,2022-09-12,17890.85,17936.35,45.5,0.25,2022,Monday,37
672,Nifty 50,2022-09-13,18044.45,18070.05,25.6,0.14,2022,Tuesday,37
673,Nifty 50,2022-09-14,17771.15,18003.75,232.6,1.31,2022,Wednesday,37
674,Nifty 50,2022-09-15,18046.35,17877.4,-168.95,-0.94,2022,Thursday,37
675,Nifty 50,2022-09-16,17796.8,17530.85,-265.95,-1.49,2022,Friday,37
676,Nifty 50,2022-09-19,17540.65,17622.25,81.6,0.47,2022,Monday,38
677,Nifty 50,2022-09-20,17770.4,17816.25,45.85,0.26,2022,Tuesday,38
678,Nifty 50,2022-09-21,17766.35,17718.35,-48.0,-0.27,2022,Wednesday,38
679,Nifty 50,2022-09-22,17609.65,17629.8,20.15,0.11,2022,Thursday,38
680,Nifty 50,2022-09-23,17593.85,17327.35,-266.5,-1.51,2022,Friday,38
681,Nifty 50,2022-09-26,17156.3,17016.3,-140.0,-0.82,2022,Monday,39
682,Nifty 50,2022-09-27,17110.9,17007.4,-103.5,-0.6,2022,Tuesday,39
683,Nifty 50,2022-09-28,16870.55,16858.6,-11.95,-0.07,2022,Wednesday,39
684,Nifty 50,2022-09-29,16993.6,16818.1,-175.5,-1.03,2022,Thursday,39
685,Nifty 50,2022-09-30,16798.05,17094.35,296.3,1.76,2022,Friday,39
686,Nifty 50,2022-10-03,17102.1,16887.35,-214.75,-1.26,2022,Monday,40
687,Nifty 50,2022-10-04,17147.45,17274.3,126.85,0.74,2022,Tuesday,40
688,Nifty 50,2022-10-06,17379.25,17331.8,-47.45,-0.27,2022,Thursday,40
689,Nifty 50,2022-10-07,17287.2,17314.65,27.45,0.16,2022,Friday,40
690,Nifty 50,2022-10-10,17094.35,17241.0,146.65,0.86,2022,Monday,41
691,Nifty 50,2022-10-11,17256.05,16983.55,-272.5,-1.58,2022,Tuesday,41
692,Nifty 50,2022-10-12,17025.55,17123.6,98.05,0.58,2022,Wednesday,41
693,Nifty 50,2022-10-13,17087.35,17014.35,-73.0,-0.43,2022,Thursday,41
694,Nifty 50,2022-10-14,17322.3,17185.7,-136.6,-0.79,2022,Friday,41
695,Nifty 50,2022-10-17,17144.8,17311.8,167.0,0.97,2022,Monday,42
696,Nifty 50,2022-10-18,17438.75,17486.95,48.2,0.28,2022,Tuesday,42
697,Nifty 50,2022-10-19,17568.15,17512.25,-55.9,-0.32,2022,Wednesday,42
698,Nifty 50,2022-10-20,17423.1,17563.95,140.85,0.81,2022,Thursday,42
699,Nifty 50,2022-10-21,17622.85,17576.3,-46.55,-0.26,2022,Friday,42
700,Nifty 50,2022-10-24,17736.35,17730.75,-5.6,-0.03,2022,Monday,43
701,Nifty 50,2022-10-25,17808.3,17656.35,-151.95,-0.85,2022,Tuesday,43
702,Nifty 50,2022-10-27,17771.4,17736.95,-34.45,-0.19,2022,Thursday,43
703,Nifty 50,2022-10-28,17756.4,17786.8,30.4,0.17,2022,Friday,43
704,Nifty 50,2022-10-31,17910.2,18012.2,102.0,0.57,2022,Monday,44
705,Nifty 50,2022-11-01,18130.7,18145.4,14.7,0.08,2022,Tuesday,44
706,Nifty 50,2022-11-02,18177.9,18082.85,-95.05,-0.52,2022,Wednesday,44
707,Nifty 50,2022-11-03,17968.35,18052.7,84.35,0.47,2022,Thursday,44
708,Nifty 50,2022-11-04,18053.4,18117.15,63.75,0.35,2022,Friday,44
709,Nifty 50,2022-11-07,18211.75,18202.8,-8.95,-0.05,2022,Monday,45
710,Nifty 50,2022-11-09,18288.25,18157.0,-131.25,-0.72,2022,Wednesday,45
711,Nifty 50,2022-11-10,18044.35,18028.2,-16.15,-0.09,2022,Thursday,45
712,Nifty 50,2022-11-11,18272.35,18349.7,77.35,0.42,2022,Friday,45
713,Nifty 50,2022-11-14,18376.4,18329.15,-47.25,-0.26,2022,Monday,46
714,Nifty 50,2022-11-15,18362.75,18403.4,40.65,0.22,2022,Tuesday,46
715,Nifty 50,2022-11-16,18398.25,18409.65,11.4,0.06,2022,Wednesday,46
716,Nifty 50,2022-11-17,18358.7,18343.9,-14.8,-0.08,2022,Thursday,46
717,Nifty 50,2022-11-18,18382.95,18307.65,-75.3,-0.41,2022,Friday,46
718,Nifty 50,2022-11-21,18246.4,18159.95,-86.45,-0.47,2022,Monday,47
719,Nifty 50,2022-11-22,18179.15,18244.2,65.05,0.36,2022,Tuesday,47
720,Nifty 50,2022-11-23,18325.2,18267.25,-57.95,-0.32,2022,Wednesday,47
721,Nifty 50,2022-11-24,18326.1,18484.1,158.0,0.86,2022,Thursday,47
722,Nifty 50,2022-11-25,18528.45,18512.75,-15.7,-0.08,2022,Friday,47
723,Nifty 50,2022-11-28,18430.55,18562.75,132.2,0.72,2022,Monday,48
724,Nifty 50,2022-11-29,18552.45,18618.05,65.6,0.35,2022,Tuesday,48
725,Nifty 50,2022-11-30,18625.7,18758.35,132.65,0.71,2022,Wednesday,48
726,Nifty 50,2022-12-01,18871.95,18812.5,-59.45,-0.32,2022,Thursday,48
727,Nifty 50,2022-12-02,18752.4,18696.1,-56.3,-0.3,2022,Friday,48
728,Nifty 50,2022-12-05,18719.55,18701.05,-18.5,-0.1,2022,Monday,49
729,Nifty 50,2022-12-06,18600.65,18642.75,42.1,0.23,2022,Tuesday,49
730,Nifty 50,2022-12-07,18638.85,18560.5,-78.35,-0.42,2022,Wednesday,49
731,Nifty 50,2022-12-08,18570.85,18609.35,38.5,0.21,2022,Thursday,49
732,Nifty 50,2022-12-09,18662.4,18496.6,-165.8,-0.89,2022,Friday,49
733,Nifty 50,2022-12-12,18402.15,18497.15,95.0,0.52,2022,Monday,50
734,Nifty 50,2022-12-13,18524.4,18608.0,83.6,0.45,2022,Tuesday,50
735,Nifty 50,2022-12-14,18671.25,18660.3,-10.95,-0.06,2022,Wednesday,50
736,Nifty 50,2022-12-15,18614.4,18414.9,-199.5,-1.07,2022,Thursday,50
737,Nifty 50,2022-12-16,18319.1,18269.0,-50.1,-0.27,2022,Friday,50
738,Nifty 50,2022-12-19,18288.1,18420.45,132.35,0.72,2022,Monday,51
739,Nifty 50,2022-12-20,18340.3,18385.3,45.0,0.25,2022,Tuesday,51
740,Nifty 50,2022-12-21,18435.15,18199.1,-236.05,-1.28,2022,Wednesday,51
741,Nifty 50,2022-12-22,18288.8,18127.35,-161.45,-0.88,2022,Thursday,51
742,Nifty 50,2022-12-23,17977.65,17806.8,-170.85,-0.95,2022,Friday,51
743,Nifty 50,2022-12-26,17830.4,18014.6,184.2,1.03,2022,Monday,52
744,Nifty 50,2022-12-27,18089.8,18132.3,42.5,0.23,2022,Tuesday,52
745,Nifty 50,2022-12-28,18084.75,18122.5,37.75,0.21,2022,Wednesday,52
746,Nifty 50,2022-12-29,18045.7,18191.0,145.3,0.81,2022,Thursday,52
747,Nifty 50,2022-12-30,18259.1,18105.3,-153.8,-0.84,2022,Friday,52
748,Nifty 50,2023-01-02,18131.7,18197.45,65.75,0.36,2023,Monday,1
749,Nifty 50,2023-01-03,18163.2,18232.55,69.35,0.38,2023,Tuesday,1
750,Nifty 50,2023-01-04,18230.65,18042.95,-187.7,-1.03,2023,Wednesday,1
751,Nifty 50,2023-01-05,18101.95,17992.15,-109.8,-0.61,2023,Thursday,1
752,Nifty 50,2023-01-06,18008.05,17859.45,-148.6,-0.83,2023,Friday,1
753,Nifty 50,2023-01-09,17952.55,18101.2,148.65,0.83,2023,Monday,2
754,Nifty 50,2023-01-10,18121.3,17914.15,-207.15,-1.14,2023,Tuesday,2
755,Nifty 50,2023-01-11,17924.25,17895.7,-28.55,-0.16,2023,Wednesday,2
756,Nifty 50,2023-01-12,17920.85,17858.2,-62.65,-0.35,2023,Thursday,2
757,Nifty 50,2023-01-13,17867.5,17956.6,89.1,0.5,2023,Friday,2
758,Nifty 50,2023-01-16,18033.15,17894.85,-138.3,-0.77,2023,Monday,3
759,Nifty 50,2023-01-17,17922.8,18053.3,130.5,0.73,2023,Tuesday,3
760,Nifty 50,2023-01-18,18074.3,18165.35,91.05,0.5,2023,Wednesday,3
761,Nifty 50,2023-01-19,18119.8,18107.85,-11.95,-0.07,2023,Thursday,3
762,Nifty 50,2023-01-20,18115.6,18027.65,-87.95,-0.49,2023,Friday,3
763,Nifty 50,2023-01-23,18118.45,18118.55,0.1,0.0,2023,Monday,4
764,Nifty 50,2023-01-24,18183.95,18118.3,-65.65,-0.36,2023,Tuesday,4
765,Nifty 50,2023-01-25,18093.35,17891.95,-201.4,-1.11,2023,Wednesday,4
766,Nifty 50,2023-01-27,17877.2,17604.35,-272.85,-1.53,2023,Friday,4
767,Nifty 50,2023-01-30,17541.95,17648.95,107.0,0.61,2023,Monday,5
768,Nifty 50,2023-01-31,17731.45,17662.15,-69.3,-0.39,2023,Tuesday,5
769,Nifty 50,2023-02-01,17811.6,17616.3,-195.3,-1.1,2023,Wednesday,5
770,Nifty 50,2023-02-02,17517.1,17610.4,93.3,0.53,2023,Thursday,5
771,Nifty 50,2023-02-03,17721.75,17854.05,132.3,0.75,2023,Friday,5
772,Nifty 50,2023-02-06,17818.55,17764.6,-53.95,-0.3,2023,Monday,6
773,Nifty 50,2023-02-07,17790.1,17721.5,-68.6,-0.39,2023,Tuesday,6
774,Nifty 50,2023-02-08,17750.3,17871.7,121.4,0.68,2023,Wednesday,6
775,Nifty 50,2023-02-09,17885.5,17893.45,7.95,0.04,2023,Thursday,6
776,Nifty 50,2023-02-10,17847.55,17856.5,8.95,0.05,2023,Friday,6
777,Nifty 50,2023-02-13,17859.1,17770.9,-88.2,-0.49,2023,Monday,7
778,Nifty 50,2023-02-14,17840.35,17929.85,89.5,0.5,2023,Tuesday,7
779,Nifty 50,2023-02-15,17896.6,18015.85,119.25,0.67,2023,Wednesday,7
780,Nifty 50,2023-02-16,18094.75,18035.85,-58.9,-0.33,2023,Thursday,7
781,Nifty 50,2023-02-17,17974.85,17944.2,-30.65,-0.17,2023,Friday,7
782,Nifty 50,2023-02-20,17965.55,17844.6,-120.95,-0.67,2023,Monday,8
783,Nifty 50,2023-02-21,17905.8,17826.7,-79.1,-0.44,2023,Tuesday,8
784,Nifty 50,2023-02-22,17755.35,17554.3,-201.05,-1.13,2023,Wednesday,8
785,Nifty 50,2023-02-23,17574.65,17511.25,-63.4,-0.36,2023,Thursday,8
786,Nifty 50,2023-02-24,17591.35,17465.8,-125.55,-0.71,2023,Friday,8
787,Nifty 50,2023-02-27,17428.6,17392.7,-35.9,-0.21,2023,Monday,9
788,Nifty 50,2023-02-28,17383.25,17303.95,-79.3,-0.46,2023,Tuesday,9
789,Nifty 50,2023-03-01,17360.1,17450.9,90.8,0.52,2023,Wednesday,9
790,Nifty 50,2023-03-02,17421.5,17321.9,-99.6,-0.57,2023,Thursday,9
791,Nifty 50,2023-03-03,17451.25,17594.35,143.1,0.82,2023,Friday,9
792,Nifty 50,2023-03-06,17680.35,17711.45,31.1,0.18,2023,Monday,10
793,Nifty 50,2023-03-08,17665.75,17754.4,88.65,0.5,2023,Wednesday,10
794,Nifty 50,2023-03-09,17772.05,17589.6,-182.45,-1.03,2023,Thursday,10
795,Nifty 50,2023-03-10,17443.8,17412.9,-30.9,-0.18,2023,Friday,10
796,Nifty 50,2023-03-13,17421.9,17154.3,-267.6,-1.54,2023,Monday,11
797,Nifty 50,2023-03-14,17160.55,17043.3,-117.25,-0.68,2023,Tuesday,11
798,Nifty 50,2023-03-15,17166.45,16972.15,-194.3,-1.13,2023,Wednesday,11
799,Nifty 50,2023-03-16,16994.65,16985.6,-9.05,-0.05,2023,Thursday,11
800,Nifty 50,2023-03-17,17111.8,17100.05,-11.75,-0.07,2023,Friday,11
801,Nifty 50,2023-03-20,17066.6,16988.4,-78.2,-0.46,2023,Monday,12
802,Nifty 50,2023-03-21,17060.4,17107.5,47.1,0.28,2023,Tuesday,12
803,Nifty 50,2023-03-22,17177.45,17151.9,-25.55,-0.15,2023,Wednesday,12
804,Nifty 50,2023-03-23,17097.4,17076.9,-20.5,-0.12,2023,Thursday,12
805,Nifty 50,2023-03-24,17076.2,16945.05,-131.15,-0.77,2023,Friday,12
806,Nifty 50,2023-03-27,16984.3,16985.7,1.4,0.01,2023,Monday,13
807,Nifty 50,2023-03-28,17031.75,16951.7,-80.05,-0.47,2023,Tuesday,13
808,Nifty 50,2023-03-29,16977.3,17080.7,103.4,0.61,2023,Wednesday,13
809,Nifty 50,2023-03-31,17210.35,17359.75,149.4,0.87,2023,Friday,13
810,Nifty 50,2023-04-03,17427.95,17398.05,-29.9,-0.17,2023,Monday,14
811,Nifty 50,2023-04-05,17422.3,17557.05,134.75,0.77,2023,Wednesday,14
812,Nifty 50,2023-04-06,17533.85,17599.15,65.3,0.37,2023,Thursday,14
813,Nifty 50,2023-04-10,17634.9,17624.05,-10.85,-0.06,2023,Monday,15
814,Nifty 50,2023-04-11,17704.8,17722.3,17.5,0.1,2023,Tuesday,15
815,Nifty 50,2023-04-12,17759.55,17812.4,52.85,0.3,2023,Wednesday,15
816,Nifty 50,2023-04-13,17807.3,17828.0,20.7,0.12,2023,Thursday,15
817,Nifty 50,2023-04-17,17863.0,17706.85,-156.15,-0.87,2023,Monday,16
818,Nifty 50,2023-04-18,17766.6,17660.15,-106.45,-0.6,2023,Tuesday,16
819,Nifty 50,2023-04-19,17653.35,17618.75,-34.6,-0.2,2023,Wednesday,16
820,Nifty 50,2023-04-20,17638.6,17624.45,-14.15,-0.08,2023,Thursday,16
821,Nifty 50,2023-04-21,17639.75,17624.05,-15.7,-0.09,2023,Friday,16
822,Nifty 50,2023-04-24,17707.55,17743.4,35.85,0.2,2023,Monday,17
823,Nifty 50,2023-04-25,17761.55,17769.25,7.7,0.04,2023,Tuesday,17
824,Nifty 50,2023-04-26,17767.3,17813.6,46.3,0.26,2023,Wednesday,17
825,Nifty 50,2023-04-27,17813.1,17915.05,101.95,0.57,2023,Thursday,17
826,Nifty 50,2023-04-28,17950.4,18065.0,114.6,0.64,2023,Friday,17
827,Nifty 50,2023-05-02,18124.8,18147.65,22.85,0.13,2023,Tuesday,18
828,Nifty 50,2023-05-03,18113.8,18089.85,-23.95,-0.13,2023,Wednesday,18
829,Nifty 50,2023-05-04,18081.0,18255.8,174.8,0.97,2023,Thursday,18
830,Nifty 50,2023-05-05,18117.3,18069.0,-48.3,-0.27,2023,Friday,18
831,Nifty 50,2023-05-08,18120.6,18264.4,143.8,0.79,2023,Monday,19
832,Nifty 50,2023-05-09,18303.4,18265.95,-37.45,-0.2,2023,Tuesday,19
833,Nifty 50,2023-05-10,18313.6,18315.1,1.5,0.01,2023,Wednesday,19
834,Nifty 50,2023-05-11,18357.8,18297.0,-60.8,-0.33,2023,Thursday,19
835,Nifty 50,2023-05-12,18273.75,18314.8,41.05,0.22,2023,Friday,19
836,Nifty 50,2023-05-15,18339.3,18398.85,59.55,0.32,2023,Monday,20
837,Nifty 50,2023-05-16,18432.35,18286.5,-145.85,-0.79,2023,Tuesday,20
838,Nifty 50,2023-05-17,18300.45,18181.75,-118.7,-0.65,2023,Wednesday,20
839,Nifty 50,2023-05-18,18287.5,18129.95,-157.55,-0.86,2023,Thursday,20
840,Nifty 50,2023-05-19,18186.15,18203.4,17.25,0.09,2023,Friday,20
841,Nifty 50,2023-05-22,18201.1,18314.4,113.3,0.62,2023,Monday,21
842,Nifty 50,2023-05-23,18362.9,18348.0,-14.9,-0.08,2023,Tuesday,21
843,Nifty 50,2023-05-24,18294.8,18285.4,-9.4,-0.05,2023,Wednesday,21
844,Nifty 50,2023-05-25,18268.9,18321.15,52.25,0.29,2023,Thursday,21
845,Nifty 50,2023-05-26,18368.35,18499.35,131.0,0.71,2023,Friday,21
846,Nifty 50,2023-05-29,18619.15,18598.65,-20.5,-0.11,2023,Monday,22
847,Nifty 50,2023-05-30,18606.65,18633.85,27.2,0.15,2023,Tuesday,22
848,Nifty 50,2023-05-31,18594.2,18534.4,-59.8,-0.32,2023,Wednesday,22
849,Nifty 50,2023-06-01,18579.4,18487.75,-91.65,-0.49,2023,Thursday,22
850,Nifty 50,2023-06-02,18550.85,18534.1,-16.75,-0.09,2023,Friday,22
851,Nifty 50,2023-06-05,18612.0,18593.85,-18.15,-0.1,2023,Monday,23
852,Nifty 50,2023-06-06,18600.8,18599.0,-1.8,-0.01,2023,Tuesday,23
853,Nifty 50,2023-06-07,18665.6,18726.4,60.8,0.33,2023,Wednesday,23
854,Nifty 50,2023-06-08,18725.35,18634.55,-90.8,-0.48,2023,Thursday,23
855,Nifty 50,2023-06-09,18655.9,18563.4,-92.5,-0.5,2023,Friday,23
856,Nifty 50,2023-06-12,18595.05,18601.5,6.45,0.03,2023,Monday,24
857,Nifty 50,2023-06-13,18631.8,18716.15,84.35,0.45,2023,Tuesday,24
858,Nifty 50,2023-06-14,18744.6,18755.9,11.3,0.06,2023,Wednesday,24
859,Nifty 50,2023-06-15,18774.45,18688.1,-86.35,-0.46,2023,Thursday,24
860,Nifty 50,2023-06-16,18723.3,18826.0,102.7,0.55,2023,Friday,24
861,Nifty 50,2023-06-19,18873.3,18755.45,-117.85,-0.62,2023,Monday,25
862,Nifty 50,2023-06-20,18752.35,18816.7,64.35,0.34,2023,Tuesday,25
863,Nifty 50,2023-06-21,18849.4,18856.85,7.45,0.04,2023,Wednesday,25
864,Nifty 50,2023-06-22,18853.6,18771.25,-82.35,-0.44,2023,Thursday,25
865,Nifty 50,2023-06-23,18741.85,18665.5,-76.35,-0.41,2023,Friday,25
866,Nifty 50,2023-06-26,18682.35,18691.2,8.85,0.05,2023,Monday,26
867,Nifty 50,2023-06-27,18748.55,18817.4,68.85,0.37,2023,Tuesday,26
868,Nifty 50,2023-06-28,18908.15,18972.1,63.95,0.34,2023,Wednesday,26
869,Nifty 50,2023-06-30,19076.85,19189.05,112.2,0.59,2023,Friday,26
870,Nifty 50,2023-07-03,19246.5,19322.55,76.05,0.4,2023,Monday,27
871,Nifty 50,2023-07-04,19406.6,19389.0,-17.6,-0.09,2023,Tuesday,27
872,Nifty 50,2023-07-05,19405.95,19398.5,-7.45,-0.04,2023,Wednesday,27
873,Nifty 50,2023-07-06,19385.7,19497.3,111.6,0.58,2023,Thursday,27
874,Nifty 50,2023-07-07,19422.8,19331.8,-91.0,-0.47,2023,Friday,27
875,Nifty 50,2023-07-10,19400.35,19355.9,-44.45,-0.23,2023,Monday,28
876,Nifty 50,2023-07-11,19427.1,19439.4,12.3,0.06,2023,Tuesday,28
877,Nifty 50,2023-07-12,19497.45,19384.3,-113.15,-0.58,2023,Wednesday,28
878,Nifty 50,2023-07-13,19495.2,19413.75,-81.45,-0.42,2023,Thursday,28
879,Nifty 50,2023-07-14,19493.45,19564.5,71.05,0.36,2023,Friday,28
880,Nifty 50,2023-07-17,19612.15,19711.45,99.3,0.51,2023,Monday,29
881,Nifty 50,2023-07-18,19787.5,19749.25,-38.25,-0.19,2023,Tuesday,29
882,Nifty 50,2023-07-19,19802.95,19833.15,30.2,0.15,2023,Wednesday,29
883,Nifty 50,2023-07-20,19831.7,19979.15,147.45,0.74,2023,Thursday,29
884,Nifty 50,2023-07-21,19800.45,19745.0,-55.45,-0.28,2023,Friday,29
885,Nifty 50,2023-07-24,19748.45,19672.35,-76.1,-0.39,2023,Monday,30
886,Nifty 50,2023-07-25,19729.35,19680.6,-48.75,-0.25,2023,Tuesday,30
887,Nifty 50,2023-07-26,19733.35,19778.3,44.95,0.23,2023,Wednesday,30
888,Nifty 50,2023-07-27,19850.9,19659.9,-191.0,-0.96,2023,Thursday,30
889,Nifty 50,2023-07-28,19659.75,19646.05,-13.7,-0.07,2023,Friday,30
890,Nifty 50,2023-07-31,19666.35,19753.8,87.45,0.44,2023,Monday,31
891,Nifty 50,2023-08-01,19784.0,19733.55,-50.45,-0.26,2023,Tuesday,31
892,Nifty 50,2023-08-02,19655.4,19526.55,-128.85,-0.66,2023,Wednesday,31
893,Nifty 50,2023-08-03,19463.75,19381.65,-82.1,-0.42,2023,Thursday,31
894,Nifty 50,2023-08-04,19462.8,19517.0,54.2,0.28,2023,Friday,31
895,Nifty 50,2023-08-07,19576.85,19597.3,20.45,0.1,2023,Monday,32
896,Nifty 50,2023-08-08,19627.2,19570.85,-56.35,-0.29,2023,Tuesday,32
897,Nifty 50,2023-08-09,19578.8,19632.55,53.75,0.27,2023,Wednesday,32
898,Nifty 50,2023-08-10,19605.55,19543.1,-62.45,-0.32,2023,Thursday,32
899,Nifty 50,2023-08-11,19554.25,19428.3,-125.95,-0.64,2023,Friday,32
900,Nifty 50,2023-08-14,19383.95,19434.55,50.6,0.26,2023,Monday,33
901,Nifty 50,2023-08-16,19369.0,19465.0,96.0,0.5,2023,Wednesday,33
902,Nifty 50,2023-08-17,19450.55,19365.25,-85.3,-0.44,2023,Thursday,33
903,Nifty 50,2023-08-18,19301.75,19310.15,8.4,0.04,2023,Friday,33
904,Nifty 50,2023-08-21,19320.65,19393.6,72.95,0.38,2023,Monday,34
905,Nifty 50,2023-08-22,19417.1,19396.45,-20.65,-0.11,2023,Tuesday,34
906,Nifty 50,2023-08-23,19439.2,19444.0,4.8,0.02,2023,Wednesday,34
907,Nifty 50,2023-08-24,19535.15,19386.7,-148.45,-0.76,2023,Thursday,34
908,Nifty 50,2023-08-25,19297.4,19265.8,-31.6,-0.16,2023,Friday,34
909,Nifty 50,2023-08-28,19298.35,19306.05,7.7,0.04,2023,Monday,35
910,Nifty 50,2023-08-29,19374.85,19342.65,-32.2,-0.17,2023,Tuesday,35
911,Nifty 50,2023-08-30,19433.45,19347.45,-86.0,-0.44,2023,Wednesday,35
912,Nifty 50,2023-08-31,19375.55,19253.8,-121.75,-0.63,2023,Thursday,35
913,Nifty 50,2023-09-01,19258.15,19435.3,177.15,0.92,2023,Friday,35
914,Nifty 50,2023-09-04,19525.05,19528.8,3.75,0.02,2023,Monday,36
915,Nifty 50,2023-09-05,19564.65,19574.9,10.25,0.05,2023,Tuesday,36
916,Nifty 50,2023-09-06,19581.2,19611.05,29.85,0.15,2023,Wednesday,36
917,Nifty 50,2023-09-07,19598.65,19727.05,128.4,0.66,2023,Thursday,36
918,Nifty 50,2023-09-08,19774.8,19819.95,45.15,0.23,2023,Friday,36
919,Nifty 50,2023-09-11,19890.0,19996.35,106.35,0.53,2023,Monday,37
920,Nifty 50,2023-09-12,20110.15,19993.2,-116.95,-0.58,2023,Tuesday,37
921,Nifty 50,2023-09-13,19989.5,20070.0,80.5,0.4,2023,Wednesday,37
922,Nifty 50,2023-09-14,20127.95,20103.1,-24.85,-0.12,2023,Thursday,37
923,Nifty 50,2023-09-15,20156.45,20192.35,35.9,0.18,2023,Friday,37
924,Nifty 50,2023-09-18,20155.95,20133.3,-22.65,-0.11,2023,Monday,38
925,Nifty 50,2023-09-20,19980.75,19901.4,-79.35,-0.4,2023,Wednesday,38
926,Nifty 50,2023-09-21,19840.55,19742.35,-98.2,-0.49,2023,Thursday,38
927,Nifty 50,2023-09-22,19744.85,19674.25,-70.6,-0.36,2023,Friday,38
928,Nifty 50,2023-09-25,19678.2,19674.55,-3.65,-0.02,2023,Monday,39
929,Nifty 50,2023-09-26,19682.8,19664.7,-18.1,-0.09,2023,Tuesday,39
930,Nifty 50,2023-09-27,19637.05,19716.45,79.4,0.4,2023,Wednesday,39
931,Nifty 50,2023-09-28,19761.8,19523.55,-238.25,-1.21,2023,Thursday,39
932,Nifty 50,2023-09-29,19581.2,19638.3,57.1,0.29,2023,Friday,39
933,Nifty 50,2023-10-03,19622.4,19528.75,-93.65,-0.48,2023,Tuesday,40
934,Nifty 50,2023-10-04,19446.3,19436.1,-10.2,-0.05,2023,Wednesday,40
935,Nifty 50,2023-10-05,19521.85,19545.75,23.9,0.12,2023,Thursday,40
936,Nifty 50,2023-10-06,19621.2,19653.5,32.3,0.16,2023,Friday,40
937,Nifty 50,2023-10-09,19539.45,19512.35,-27.1,-0.14,2023,Monday,41
938,Nifty 50,2023-10-10,19565.6,19689.85,124.25,0.64,2023,Tuesday,41
939,Nifty 50,2023-10-11,19767.0,19811.35,44.35,0.22,2023,Wednesday,41
940,Nifty 50,2023-10-12,19822.7,19794.0,-28.7,-0.14,2023,Thursday,41
941,Nifty 50,2023-10-13,19654.55,19751.05,96.5,0.49,2023,Friday,41
942,Nifty 50,2023-10-16,19737.25,19731.75,-5.5,-0.03,2023,Monday,42
943,Nifty 50,2023-10-17,19843.2,19811.5,-31.7,-0.16,2023,Tuesday,42
944,Nifty 50,2023-10-18,19820.45,19671.1,-149.35,-0.75,2023,Wednesday,42
945,Nifty 50,2023-10-19,19545.2,19624.7,79.5,0.41,2023,Thursday,42
946,Nifty 50,2023-10-20,19542.15,19542.65,0.5,0.0,2023,Friday,42
947,Nifty 50,2023-10-23,19521.6,19281.75,-239.85,-1.23,2023,Monday,43
948,Nifty 50,2023-10-25,19286.45,19122.15,-164.3,-0.85,2023,Wednesday,43
949,Nifty 50,2023-10-26,19027.25,18857.25,-170.0,-0.89,2023,Thursday,43
950,Nifty 50,2023-10-27,18928.75,19047.25,118.5,0.63,2023,Friday,43
951,Nifty 50,2023-10-30,19053.4,19140.9,87.5,0.46,2023,Monday,44
952,Nifty 50,2023-10-31,19232.95,19079.6,-153.35,-0.8,2023,Tuesday,44
953,Nifty 50,2023-11-01,19064.05,18989.15,-74.9,-0.39,2023,Wednesday,44
954,Nifty 50,2023-11-02,19120.0,19133.25,13.25,0.07,2023,Thursday,44
955,Nifty 50,2023-11-03,19241.0,19230.6,-10.4,-0.05,2023,Friday,44
956,Nifty 50,2023-11-06,19345.85,19411.75,65.9,0.34,2023,Monday,45
957,Nifty 50,2023-11-07,19404.05,19406.7,2.65,0.01,2023,Tuesday,45
958,Nifty 50,2023-11-08,19449.6,19443.5,-6.1,-0.03,2023,Wednesday,45
959,Nifty 50,2023-11-09,19457.4,19395.3,-62.1,-0.32,2023,Thursday,45
960,Nifty 50,2023-11-10,19351.85,19425.35,73.5,0.38,2023,Friday,45
961,Nifty 50,2023-11-12,19547.25,19525.55,-21.7,-0.11,2023,Sunday,45
962,Nifty 50,2023-11-13,19486.75,19443.55,-43.2,-0.22,2023,Monday,46
963,Nifty 50,2023-11-15,19651.4,19675.45,24.05,0.12,2023,Wednesday,46
964,Nifty 50,2023-11-16,19674.7,19765.2,90.5,0.46,2023,Thursday,46
965,Nifty 50,2023-11-17,19674.75,19731.8,57.05,0.29,2023,Friday,46
966,Nifty 50,2023-11-20,19731.15,19694.0,-37.15,-0.19,2023,Monday,47
967,Nifty 50,2023-11-21,19770.9,19783.4,12.5,0.06,2023,Tuesday,47
968,Nifty 50,2023-11-22,19784.0,19811.85,27.85,0.14,2023,Wednesday,47
969,Nifty 50,2023-11-23,19828.45,19802.0,-26.45,-0.13,2023,Thursday,47
970,Nifty 50,2023-11-24,19809.6,19794.7,-14.9,-0.08,2023,Friday,47
971,Nifty 50,2023-11-28,19844.65,19889.7,45.05,0.23,2023,Tuesday,48
972,Nifty 50,2023-11-29,19976.55,20096.6,120.05,0.6,2023,Wednesday,48
973,Nifty 50,2023-11-30,20108.5,20133.15,24.65,0.12,2023,Thursday,48
974,Nifty 50,2023-12-01,20194.1,20267.9,73.8,0.37,2023,Friday,48
975,Nifty 50,2023-12-04,20601.95,20686.8,84.85,0.41,2023,Monday,49
976,Nifty 50,2023-12-05,20808.9,20855.1,46.2,0.22,2023,Tuesday,49
977,Nifty 50,2023-12-06,20950.75,20937.7,-13.05,-0.06,2023,Wednesday,49
978,Nifty 50,2023-12-07,20932.4,20901.15,-31.25,-0.15,2023,Thursday,49
979,Nifty 50,2023-12-08,20934.1,20969.4,35.3,0.17,2023,Friday,49
980,Nifty 50,2023-12-11,20965.3,20997.1,31.8,0.15,2023,Monday,50
981,Nifty 50,2023-12-12,21018.55,20906.4,-112.15,-0.53,2023,Tuesday,50
982,Nifty 50,2023-12-13,20929.75,20926.35,-3.4,-0.02,2023,Wednesday,50
983,Nifty 50,2023-12-14,21110.4,21182.7,72.3,0.34,2023,Thursday,50
984,Nifty 50,2023-12-15,21287.45,21456.65,169.2,0.79,2023,Friday,50
985,Nifty 50,2023-12-18,21434.8,21418.65,-16.15,-0.08,2023,Monday,51
986,Nifty 50,2023-12-19,21477.65,21453.1,-24.55,-0.11,2023,Tuesday,51
987,Nifty 50,2023-12-20,21543.5,21150.15,-393.35,-1.83,2023,Wednesday,51
988,Nifty 50,2023-12-21,21033.95,21255.05,221.1,1.05,2023,Thursday,51
989,Nifty 50,2023-12-22,21295.85,21349.4,53.55,0.25,2023,Friday,51
990,Nifty 50,2023-12-26,21365.2,21441.35,76.15,0.36,2023,Tuesday,52
991,Nifty 50,2023-12-27,21497.65,21654.75,157.1,0.73,2023,Wednesday,52
992,Nifty 50,2023-12-28,21715.0,21778.7,63.7,0.29,2023,Thursday,52
993,Nifty 50,2023-12-29,21737.65,21731.4,-6.25,-0.03,2023,Friday,52
