day_count,HistoricalDate,OPEN,CLOSE,daily_change,daily_change_perc,year
1,29-12-2023,21737.65,21731.4,-6.25,-0.028751958,2023
2,28-12-2023,21715,21778.7,63.7,0.293345614,2023
3,27-12-2023,21497.65,21654.75,157.1,0.73077755,2023
4,26-12-2023,21365.2,21441.35,76.15,0.356420722,2023
5,22-12-2023,21295.85,21349.4,53.55,0.251457444,2023
6,21-12-2023,21033.95,21255.05,221.1,1.051157771,2023
7,20-12-2023,21543.5,21150.15,-393.35,-1.825840741,2023
8,19-12-2023,21477.65,21453.1,-24.55,-0.11430487,2023
9,18-12-2023,21434.8,21418.65,-16.15,-0.075344766,2023
10,15-12-2023,21287.45,21456.65,169.2,0.794834515,2023
11,14-12-2023,21110.4,21182.7,72.3,0.342485221,2023
12,13-12-2023,20929.75,20926.35,-3.4,-0.016244819,2023
13,12-12-2023,21018.55,20906.4,-112.15,-0.533576293,2023
14,11-12-2023,20965.3,20997.1,31.8,0.151679203,2023
15,08-12-2023,20934.1,20969.4,35.3,0.168624398,2023
16,07-12-2023,20932.4,20901.15,-31.25,-0.149290096,2023
17,06-12-2023,20950.75,20937.7,-13.05,-0.06228894,2023
18,05-12-2023,20808.9,20855.1,46.2,0.222020386,2023
19,04-12-2023,20601.95,20686.8,84.85,0.411854218,2023
20,01-12-2023,20194.1,20267.9,73.8,0.365453276,2023
21,30-11-2023,20108.5,20133.15,24.65,0.122584977,2023
22,29-11-2023,19976.55,20096.6,120.05,0.600954619,2023
23,28-11-2023,19844.65,19889.7,45.05,0.227013326,2023
24,24-11-2023,19809.6,19794.7,-14.9,-0.075216057,2023
25,23-11-2023,19828.45,19802,-26.45,-0.133394189,2023
26,22-11-2023,19784,19811.85,27.85,0.140770319,2023
27,21-11-2023,19770.9,19783.4,12.5,0.063224234,2023
28,20-11-2023,19731.15,19694,-37.15,-0.188280967,2023
29,17-11-2023,19674.75,19731.8,57.05,0.289965565,2023
30,16-11-2023,19674.7,19765.2,90.5,0.459981601,2023
31,15-11-2023,19651.4,19675.45,24.05,0.122383138,2023
32,13-11-2023,19486.75,19443.55,-43.2,-0.221689096,2023
33,12-11-2023,19547.25,19525.55,-21.7,-0.111013058,2023
34,10-11-2023,19351.85,19425.35,73.5,0.379808649,2023
35,09-11-2023,19457.4,19395.3,-62.1,-0.319158778,2023
36,08-11-2023,19449.6,19443.5,-6.1,-0.031363113,2023
37,07-11-2023,19404.05,19406.7,2.65,0.013656943,2023
38,06-11-2023,19345.85,19411.75,65.9,0.340641533,2023
39,03-11-2023,19241,19230.6,-10.4,-0.054051245,2023
40,02-11-2023,19120,19133.25,13.25,0.069299163,2023
41,01-11-2023,19064.05,18989.15,-74.9,-0.392886087,2023
42,31-10-2023,19232.95,19079.6,-153.35,-0.797329583,2023
43,30-10-2023,19053.4,19140.9,87.5,0.459235622,2023
44,27-10-2023,18928.75,19047.25,118.5,0.62603183,2023
45,26-10-2023,19027.25,18857.25,-170,-0.893455439,2023
46,25-10-2023,19286.45,19122.15,-164.3,-0.851893428,2023
47,23-10-2023,19521.6,19281.75,-239.85,-1.228639046,2023
48,20-10-2023,19542.15,19542.65,0.5,0.002558572,2023
49,19-10-2023,19545.2,19624.7,79.5,0.406749483,2023
50,18-10-2023,19820.45,19671.1,-149.35,-0.753514678,2023
51,17-10-2023,19843.2,19811.5,-31.7,-0.159752459,2023
52,16-10-2023,19737.25,19731.75,-5.5,-0.027866091,2023
53,13-10-2023,19654.55,19751.05,96.5,0.49098046,2023
54,12-10-2023,19822.7,19794,-28.7,-0.144783506,2023
55,11-10-2023,19767,19811.35,44.35,0.224363839,2023
56,10-10-2023,19565.6,19689.85,124.25,0.635043137,2023
57,09-10-2023,19539.45,19512.35,-27.1,-0.138693771,2023
58,06-10-2023,19621.2,19653.5,32.3,0.164617862,2023
59,05-10-2023,19521.85,19545.75,23.9,0.122426922,2023
60,04-10-2023,19446.3,19436.1,-10.2,-0.052452137,2023
61,03-10-2023,19622.4,19528.75,-93.65,-0.477260682,2023
62,29-09-2023,19581.2,19638.3,57.1,0.291606235,2023
63,28-09-2023,19761.8,19523.55,-238.25,-1.205608801,2023
64,27-09-2023,19637.05,19716.45,79.4,0.404337719,2023
65,26-09-2023,19682.8,19664.7,-18.1,-0.091958461,2023
66,25-09-2023,19678.2,19674.55,-3.65,-0.018548444,2023
67,22-09-2023,19744.85,19674.25,-70.6,-0.357561592,2023
68,21-09-2023,19840.55,19742.35,-98.2,-0.494945957,2023
69,20-09-2023,19980.75,19901.4,-79.35,-0.39713224,2023
70,18-09-2023,20155.95,20133.3,-22.65,-0.112373766,2023
71,15-09-2023,20156.45,20192.35,35.9,0.17810676,2023
72,14-09-2023,20127.95,20103.1,-24.85,-0.123460164,2023
73,13-09-2023,19989.5,20070,80.5,0.402711423,2023
74,12-09-2023,20110.15,19993.2,-116.95,-0.581547129,2023
75,11-09-2023,19890,19996.35,106.35,0.534690799,2023
76,08-09-2023,19774.8,19819.95,45.15,0.228320893,2023
77,07-09-2023,19598.65,19727.05,128.4,0.655147166,2023
78,06-09-2023,19581.2,19611.05,29.85,0.152442138,2023
79,05-09-2023,19564.65,19574.9,10.25,0.052390408,2023
80,04-09-2023,19525.05,19528.8,3.75,0.019206097,2023
81,01-09-2023,19258.15,19435.3,177.15,0.919870289,2023
82,31-08-2023,19375.55,19253.8,-121.75,-0.628369259,2023
83,30-08-2023,19433.45,19347.45,-86,-0.442535937,2023
84,29-08-2023,19374.85,19342.65,-32.2,-0.166194835,2023
85,28-08-2023,19298.35,19306.05,7.7,0.039899784,2023
86,25-08-2023,19297.4,19265.8,-31.6,-0.16375263,2023
87,24-08-2023,19535.15,19386.7,-148.45,-0.759912261,2023
88,23-08-2023,19439.2,19444,4.8,0.024692374,2023
89,22-08-2023,19417.1,19396.45,-20.65,-0.106349558,2023
90,21-08-2023,19320.65,19393.6,72.95,0.377575289,2023
91,18-08-2023,19301.75,19310.15,8.4,0.04351937,2023
92,17-08-2023,19450.55,19365.25,-85.3,-0.43854801,2023
93,16-08-2023,19369,19465,96,0.495637359,2023
94,14-08-2023,19383.95,19434.55,50.6,0.261040706,2023
95,11-08-2023,19554.25,19428.3,-125.95,-0.644105501,2023
96,10-08-2023,19605.55,19543.1,-62.45,-0.318532252,2023
97,09-08-2023,19578.8,19632.55,53.75,0.274531636,2023
98,08-08-2023,19627.2,19570.85,-56.35,-0.287101573,2023
99,07-08-2023,19576.85,19597.3,20.45,0.104460115,2023
100,04-08-2023,19462.8,19517,54.2,0.278479972,2023
101,03-08-2023,19463.75,19381.65,-82.1,-0.421809775,2023
102,02-08-2023,19655.4,19526.55,-128.85,-0.655545041,2023
103,01-08-2023,19784,19733.55,-50.45,-0.255004044,2023
104,31-07-2023,19666.35,19753.8,87.45,0.444668177,2023
105,28-07-2023,19659.75,19646.05,-13.7,-0.069685525,2023
106,27-07-2023,19850.9,19659.9,-191,-0.962173,2023
107,26-07-2023,19733.35,19778.3,44.95,0.22778697,2023
108,25-07-2023,19729.35,19680.6,-48.75,-0.247093797,2023
109,24-07-2023,19748.45,19672.35,-76.1,-0.385346698,2023
110,21-07-2023,19800.45,19745,-55.45,-0.28004414,2023
111,20-07-2023,19831.7,19979.15,147.45,0.743506608,2023
112,19-07-2023,19802.95,19833.15,30.2,0.152502531,2023
113,18-07-2023,19787.5,19749.25,-38.25,-0.193303853,2023
114,17-07-2023,19612.15,19711.45,99.3,0.506318787,2023
115,14-07-2023,19493.45,19564.5,71.05,0.364481403,2023
116,13-07-2023,19495.2,19413.75,-81.45,-0.41779515,2023
117,12-07-2023,19497.45,19384.3,-113.15,-0.5803323,2023
118,11-07-2023,19427.1,19439.4,12.3,0.063313619,2023
119,10-07-2023,19400.35,19355.9,-44.45,-0.229119578,2023
120,07-07-2023,19422.8,19331.8,-91,-0.468521531,2023
121,06-07-2023,19385.7,19497.3,111.6,0.575682075,2023
122,05-07-2023,19405.95,19398.5,-7.45,-0.038390288,2023
123,04-07-2023,19406.6,19389,-17.6,-0.090690796,2023
124,03-07-2023,19246.5,19322.55,76.05,0.395136778,2023
125,30-06-2023,19076.85,19189.05,112.2,0.588147414,2023
126,28-06-2023,18908.15,18972.1,63.95,0.338213945,2023
127,27-06-2023,18748.55,18817.4,68.85,0.367228399,2023
128,26-06-2023,18682.35,18691.2,8.85,0.047370914,2023
129,23-06-2023,18741.85,18665.5,-76.35,-0.407377073,2023
130,22-06-2023,18853.6,18771.25,-82.35,-0.436786608,2023
131,21-06-2023,18849.4,18856.85,7.45,0.039523804,2023
132,20-06-2023,18752.35,18816.7,64.35,0.343156991,2023
133,19-06-2023,18873.3,18755.45,-117.85,-0.624427101,2023
134,16-06-2023,18723.3,18826,102.7,0.548514418,2023
135,15-06-2023,18774.45,18688.1,-86.35,-0.45993358,2023
136,14-06-2023,18744.6,18755.9,11.3,0.060284028,2023
137,13-06-2023,18631.8,18716.15,84.35,0.452720617,2023
138,12-06-2023,18595.05,18601.5,6.45,0.03468665,2023
139,09-06-2023,18655.9,18563.4,-92.5,-0.495821697,2023
140,08-06-2023,18725.35,18634.55,-90.8,-0.484904154,2023
141,07-06-2023,18665.6,18726.4,60.8,0.325732899,2023
142,06-06-2023,18600.8,18599,-1.8,-0.009677003,2023
143,05-06-2023,18612,18593.85,-18.15,-0.09751773,2023
144,02-06-2023,18550.85,18534.1,-16.75,-0.090292359,2023
145,01-06-2023,18579.4,18487.75,-91.65,-0.493288265,2023
146,31-05-2023,18594.2,18534.4,-59.8,-0.321605662,2023
147,30-05-2023,18606.65,18633.85,27.2,0.146184294,2023
148,29-05-2023,18619.15,18598.65,-20.5,-0.110101696,2023
149,26-05-2023,18368.35,18499.35,131,0.713183274,2023
150,25-05-2023,18268.9,18321.15,52.25,0.286005178,2023
151,24-05-2023,18294.8,18285.4,-9.4,-0.05138072,2023
152,23-05-2023,18362.9,18348,-14.9,-0.081141868,2023
153,22-05-2023,18201.1,18314.4,113.3,0.62248985,2023
154,19-05-2023,18186.15,18203.4,17.25,0.094852401,2023
155,18-05-2023,18287.5,18129.95,-157.55,-0.86151743,2023
156,17-05-2023,18300.45,18181.75,-118.7,-0.64861793,2023
157,16-05-2023,18432.35,18286.5,-145.85,-0.791271867,2023
158,15-05-2023,18339.3,18398.85,59.55,0.324712503,2023
159,12-05-2023,18273.75,18314.8,41.05,0.224639168,2023
160,11-05-2023,18357.8,18297,-60.8,-0.33119437,2023
161,10-05-2023,18313.6,18315.1,1.5,0.008190634,2023
162,09-05-2023,18303.4,18265.95,-37.45,-0.204606794,2023
163,08-05-2023,18120.6,18264.4,143.8,0.793571957,2023
164,05-05-2023,18117.3,18069,-48.3,-0.266596016,2023
165,04-05-2023,18081,18255.8,174.8,0.966760688,2023
166,03-05-2023,18113.8,18089.85,-23.95,-0.132219634,2023
167,02-05-2023,18124.8,18147.65,22.85,0.126070357,2023
168,28-04-2023,17950.4,18065,114.6,0.638425885,2023
169,27-04-2023,17813.1,17915.05,101.95,0.572331599,2023
170,26-04-2023,17767.3,17813.6,46.3,0.260591086,2023
171,25-04-2023,17761.55,17769.25,7.7,0.043352072,2023
172,24-04-2023,17707.55,17743.4,35.85,0.202456015,2023
173,21-04-2023,17639.75,17624.05,-15.7,-0.089003529,2023
174,20-04-2023,17638.6,17624.45,-14.15,-0.080221786,2023
175,19-04-2023,17653.35,17618.75,-34.6,-0.195996794,2023
176,18-04-2023,17766.6,17660.15,-106.45,-0.599157971,2023
177,17-04-2023,17863,17706.85,-156.15,-0.874153278,2023
178,13-04-2023,17807.3,17828,20.7,0.116244462,2023
179,12-04-2023,17759.55,17812.4,52.85,0.297586369,2023
180,11-04-2023,17704.8,17722.3,17.5,0.098843252,2023
181,10-04-2023,17634.9,17624.05,-10.85,-0.061525725,2023
182,06-04-2023,17533.85,17599.15,65.3,0.372422486,2023
183,05-04-2023,17422.3,17557.05,134.75,0.773434047,2023
184,03-04-2023,17427.95,17398.05,-29.9,-0.171563494,2023
185,31-03-2023,17210.35,17359.75,149.4,0.868082288,2023
186,29-03-2023,16977.3,17080.7,103.4,0.609048553,2023
187,28-03-2023,17031.75,16951.7,-80.05,-0.47000455,2023
188,27-03-2023,16984.3,16985.7,1.4,0.008242907,2023
189,24-03-2023,17076.2,16945.05,-131.15,-0.768028016,2023
190,23-03-2023,17097.4,17076.9,-20.5,-0.119901272,2023
191,22-03-2023,17177.45,17151.9,-25.55,-0.148741519,2023
192,21-03-2023,17060.4,17107.5,47.1,0.276077935,2023
193,20-03-2023,17066.6,16988.4,-78.2,-0.458204915,2023
194,17-03-2023,17111.8,17100.05,-11.75,-0.068666067,2023
195,16-03-2023,16994.65,16985.6,-9.05,-0.053252053,2023
196,15-03-2023,17166.45,16972.15,-194.3,-1.131858946,2023
197,14-03-2023,17160.55,17043.3,-117.25,-0.683253159,2023
198,13-03-2023,17421.9,17154.3,-267.6,-1.535997796,2023
199,10-03-2023,17443.8,17412.9,-30.9,-0.177140302,2023
200,09-03-2023,17772.05,17589.6,-182.45,-1.026612012,2023
201,08-03-2023,17665.75,17754.4,88.65,0.501818491,2023
202,06-03-2023,17680.35,17711.45,31.1,0.175901495,2023
203,03-03-2023,17451.25,17594.35,143.1,0.819998567,2023
204,02-03-2023,17421.5,17321.9,-99.6,-0.571707373,2023
205,01-03-2023,17360.1,17450.9,90.8,0.523038462,2023
206,28-02-2023,17383.25,17303.95,-79.3,-0.456186271,2023
207,27-02-2023,17428.6,17392.7,-35.9,-0.205983269,2023
208,24-02-2023,17591.35,17465.8,-125.55,-0.713703042,2023
209,23-02-2023,17574.65,17511.25,-63.4,-0.360746871,2023
210,22-02-2023,17755.35,17554.3,-201.05,-1.132334761,2023
211,21-02-2023,17905.8,17826.7,-79.1,-0.441756302,2023
212,20-02-2023,17965.55,17844.6,-120.95,-0.673232937,2023
213,17-02-2023,17974.85,17944.2,-30.65,-0.170516027,2023
214,16-02-2023,18094.75,18035.85,-58.9,-0.32550878,2023
215,15-02-2023,17896.6,18015.85,119.25,0.666327682,2023
216,14-02-2023,17840.35,17929.85,89.5,0.501671772,2023
217,13-02-2023,17859.1,17770.9,-88.2,-0.493865872,2023
218,10-02-2023,17847.55,17856.5,8.95,0.050146939,2023
219,09-02-2023,17885.5,17893.45,7.95,0.044449414,2023
220,08-02-2023,17750.3,17871.7,121.4,0.683932103,2023
221,07-02-2023,17790.1,17721.5,-68.6,-0.385607726,2023
222,06-02-2023,17818.55,17764.6,-53.95,-0.302774356,2023
223,03-02-2023,17721.75,17854.05,132.3,0.746540268,2023
224,02-02-2023,17517.1,17610.4,93.3,0.532622409,2023
225,01-02-2023,17811.6,17616.3,-195.3,-1.096476454,2023
226,31-01-2023,17731.45,17662.15,-69.3,-0.390830981,2023
227,30-01-2023,17541.95,17648.95,107,0.609966395,2023
228,27-01-2023,17877.2,17604.35,-272.85,-1.526245721,2023
229,25-01-2023,18093.35,17891.95,-201.4,-1.113116145,2023
230,24-01-2023,18183.95,18118.3,-65.65,-0.361032669,2023
231,23-01-2023,18118.45,18118.55,0.1,0.000551924,2023
232,20-01-2023,18115.6,18027.65,-87.95,-0.485493166,2023
233,19-01-2023,18119.8,18107.85,-11.95,-0.065949955,2023
234,18-01-2023,18074.3,18165.35,91.05,0.503753949,2023
235,17-01-2023,17922.8,18053.3,130.5,0.728122838,2023
236,16-01-2023,18033.15,17894.85,-138.3,-0.766920921,2023
237,13-01-2023,17867.5,17956.6,89.1,0.498670771,2023
238,12-01-2023,17920.85,17858.2,-62.65,-0.349592793,2023
239,11-01-2023,17924.25,17895.7,-28.55,-0.15928142,2023
240,10-01-2023,18121.3,17914.15,-207.15,-1.143129908,2023
241,09-01-2023,17952.55,18101.2,148.65,0.828016076,2023
242,06-01-2023,18008.05,17859.45,-148.6,-0.825186514,2023
243,05-01-2023,18101.95,17992.15,-109.8,-0.606564486,2023
244,04-01-2023,18230.65,18042.95,-187.7,-1.029584793,2023
245,03-01-2023,18163.2,18232.55,69.35,0.38181598,2023
246,02-01-2023,18131.7,18197.45,65.75,0.362624575,2023
1,30-12-2022,18259.1,18105.3,-153.8,-0.84231972,2022
2,29-12-2022,18045.7,18191,145.3,0.805177965,2022
3,28-12-2022,18084.75,18122.5,37.75,0.208739408,2022
4,27-12-2022,18089.8,18132.3,42.5,0.234939026,2022
5,26-12-2022,17830.4,18014.6,184.2,1.033067121,2022
6,23-12-2022,17977.65,17806.8,-170.85,-0.95034668,2022
7,22-12-2022,18288.8,18127.35,-161.45,-0.882780718,2022
8,21-12-2022,18435.15,18199.1,-236.05,-1.280434388,2022
9,20-12-2022,18340.3,18385.3,45,0.245361308,2022
10,19-12-2022,18288.1,18420.45,132.35,0.723694643,2022
11,16-12-2022,18319.1,18269,-50.1,-0.273485051,2022
12,15-12-2022,18614.4,18414.9,-199.5,-1.071750903,2022
13,14-12-2022,18671.25,18660.3,-10.95,-0.058646315,2022
14,13-12-2022,18524.4,18608,83.6,0.451296668,2022
15,12-12-2022,18402.15,18497.15,95,0.516244026,2022
16,09-12-2022,18662.4,18496.6,-165.8,-0.888417353,2022
17,08-12-2022,18570.85,18609.35,38.5,0.207314151,2022
18,07-12-2022,18638.85,18560.5,-78.35,-0.420358552,2022
19,06-12-2022,18600.65,18642.75,42.1,0.226336176,2022
20,05-12-2022,18719.55,18701.05,-18.5,-0.098827162,2022
21,02-12-2022,18752.4,18696.1,-56.3,-0.300228237,2022
22,01-12-2022,18871.95,18812.5,-59.45,-0.315017791,2022
23,30-11-2022,18625.7,18758.35,132.65,0.712187998,2022
24,29-11-2022,18552.45,18618.05,65.6,0.353592113,2022
25,28-11-2022,18430.55,18562.75,132.2,0.71728733,2022
26,25-11-2022,18528.45,18512.75,-15.7,-0.084734557,2022
27,24-11-2022,18326.1,18484.1,158,0.862158342,2022
28,23-11-2022,18325.2,18267.25,-57.95,-0.316231201,2022
29,22-11-2022,18179.15,18244.2,65.05,0.357827511,2022
30,21-11-2022,18246.4,18159.95,-86.45,-0.47379209,2022
31,18-11-2022,18382.95,18307.65,-75.3,-0.409618696,2022
32,17-11-2022,18358.7,18343.9,-14.8,-0.08061573,2022
33,16-11-2022,18398.25,18409.65,11.4,0.061962415,2022
34,15-11-2022,18362.75,18403.4,40.65,0.221372071,2022
35,14-11-2022,18376.4,18329.15,-47.25,-0.257123267,2022
36,11-11-2022,18272.35,18349.7,77.35,0.423317198,2022
37,10-11-2022,18044.35,18028.2,-16.15,-0.0895017,2022
38,09-11-2022,18288.25,18157,-131.25,-0.717673916,2022
39,07-11-2022,18211.75,18202.8,-8.95,-0.049144097,2022
40,04-11-2022,18053.4,18117.15,63.75,0.35311908,2022
41,03-11-2022,17968.35,18052.7,84.35,0.469436537,2022
42,02-11-2022,18177.9,18082.85,-95.05,-0.522887682,2022
43,01-11-2022,18130.7,18145.4,14.7,0.081077951,2022
44,31-10-2022,17910.2,18012.2,102,0.569507878,2022
45,28-10-2022,17756.4,17786.8,30.4,0.171205875,2022
46,27-10-2022,17771.4,17736.95,-34.45,-0.193850794,2022
47,25-10-2022,17808.3,17656.35,-151.95,-0.85325382,2022
48,24-10-2022,17736.35,17730.75,-5.6,-0.031573576,2022
49,21-10-2022,17622.85,17576.3,-46.55,-0.264145697,2022
50,20-10-2022,17423.1,17563.95,140.85,0.808409525,2022
51,19-10-2022,17568.15,17512.25,-55.9,-0.318189451,2022
52,18-10-2022,17438.75,17486.95,48.2,0.276395957,2022
53,17-10-2022,17144.8,17311.8,167,0.974056274,2022
54,14-10-2022,17322.3,17185.7,-136.6,-0.788578884,2022
55,13-10-2022,17087.35,17014.35,-73,-0.427216625,2022
56,12-10-2022,17025.55,17123.6,98.05,0.575899163,2022
57,11-10-2022,17256.05,16983.55,-272.5,-1.579156296,2022
58,10-10-2022,17094.35,17241,146.65,0.857885793,2022
59,07-10-2022,17287.2,17314.65,27.45,0.158788005,2022
60,06-10-2022,17379.25,17331.8,-47.45,-0.273026742,2022
61,04-10-2022,17147.45,17274.3,126.85,0.739760139,2022
62,03-10-2022,17102.1,16887.35,-214.75,-1.255693745,2022
63,30-09-2022,16798.05,17094.35,296.3,1.763895214,2022
64,29-09-2022,16993.6,16818.1,-175.5,-1.032741738,2022
65,28-09-2022,16870.55,16858.6,-11.95,-0.070833494,2022
66,27-09-2022,17110.9,17007.4,-103.5,-0.604877593,2022
67,26-09-2022,17156.3,17016.3,-140,-0.816026766,2022
68,23-09-2022,17593.85,17327.35,-266.5,-1.514733842,2022
69,22-09-2022,17609.65,17629.8,20.15,0.114425897,2022
70,21-09-2022,17766.35,17718.35,-48,-0.270173671,2022
71,20-09-2022,17770.4,17816.25,45.85,0.258013326,2022
72,19-09-2022,17540.65,17622.25,81.6,0.465205109,2022
73,16-09-2022,17796.8,17530.85,-265.95,-1.494369774,2022
74,15-09-2022,18046.35,17877.4,-168.95,-0.936200395,2022
75,14-09-2022,17771.15,18003.75,232.6,1.30886296,2022
76,13-09-2022,18044.45,18070.05,25.6,0.141871878,2022
77,12-09-2022,17890.85,17936.35,45.5,0.254319946,2022
78,09-09-2022,17923.35,17833.35,-90,-0.502138272,2022
79,08-09-2022,17748.15,17798.75,50.6,0.285100137,2022
80,07-09-2022,17519.4,17624.4,105,0.599335594,2022
81,06-09-2022,17695.7,17655.6,-40.1,-0.226608724,2022
82,05-09-2022,17546.45,17665.8,119.35,0.680194569,2022
83,02-09-2022,17598.4,17539.45,-58.95,-0.334973634,2022
84,01-09-2022,17485.7,17542.8,57.1,0.326552554,2022
85,30-08-2022,17414.95,17759.3,344.35,1.977324081,2022
86,29-08-2022,17188.65,17312.9,124.25,0.722860725,2022
87,26-08-2022,17619.3,17558.9,-60.4,-0.3428059,2022
88,25-08-2022,17679,17522.45,-156.55,-0.885513887,2022
89,24-08-2022,17525.45,17604.95,79.5,0.453626012,2022
90,23-08-2022,17357.35,17577.5,220.15,1.268338773,2022
91,22-08-2022,17682.9,17490.7,-192.2,-1.086925787,2022
92,19-08-2022,17966.55,17758.45,-208.1,-1.158263551,2022
93,18-08-2022,17898.65,17956.5,57.85,0.323208734,2022
94,17-08-2022,17868.15,17944.25,76.1,0.425897477,2022
95,16-08-2022,17797.2,17825.25,28.05,0.157609062,2022
96,12-08-2022,17659.65,17698.15,38.5,0.218011116,2022
97,11-08-2022,17711.65,17659,-52.65,-0.297261972,2022
98,10-08-2022,17566.1,17534.75,-31.35,-0.178468755,2022
99,08-08-2022,17401.5,17525.1,123.6,0.710283596,2022
100,05-08-2022,17423.65,17397.5,-26.15,-0.150083364,2022
101,04-08-2022,17463.1,17382,-81.1,-0.464407808,2022
102,03-08-2022,17349.25,17388.15,38.9,0.224217185,2022
103,02-08-2022,17310.15,17345.45,35.3,0.203926598,2022
104,01-08-2022,17243.2,17340.05,96.85,0.561670688,2022
105,29-07-2022,17079.5,17158.25,78.75,0.461079071,2022
106,28-07-2022,16774.85,16929.6,154.75,0.922511975,2022
107,27-07-2022,16475.35,16641.8,166.45,1.010297202,2022
108,26-07-2022,16632.9,16483.85,-149.05,-0.89611553,2022
109,25-07-2022,16662.55,16631,-31.55,-0.189346769,2022
110,22-07-2022,16661.25,16719.45,58.2,0.349313527,2022
111,21-07-2022,16523.55,16605.25,81.7,0.494445806,2022
112,20-07-2022,16562.8,16520.85,-41.95,-0.253278431,2022
113,19-07-2022,16187.05,16340.55,153.5,0.94828891,2022
114,18-07-2022,16151.4,16278.5,127.1,0.786928687,2022
115,15-07-2022,16010.8,16049.2,38.4,0.239838109,2022
116,14-07-2022,16018.85,15938.65,-80.2,-0.50066016,2022
117,13-07-2022,16128.2,15966.65,-161.55,-1.001661686,2022
118,12-07-2022,16126.2,16058.3,-67.9,-0.421053937,2022
119,11-07-2022,16136.15,16216,79.85,0.494851622,2022
120,08-07-2022,16273.65,16220.6,-53.05,-0.325987102,2022
121,07-07-2022,16113.75,16132.9,19.15,0.118842603,2022
122,06-07-2022,15818.2,15989.8,171.6,1.084826339,2022
123,05-07-2022,15909.15,15810.85,-98.3,-0.617883419,2022
124,04-07-2022,15710.5,15835.35,124.85,0.794691448,2022
125,01-07-2022,15703.7,15752.05,48.35,0.307889224,2022
126,30-06-2022,15774.5,15780.25,5.75,0.036451235,2022
127,29-06-2022,15701.7,15799.1,97.4,0.620314998,2022
128,28-06-2022,15757.45,15850.2,92.75,0.588610467,2022
129,27-06-2022,15926.2,15832.05,-94.15,-0.591164245,2022
130,24-06-2022,15657.4,15699.25,41.85,0.267285756,2022
131,23-06-2022,15451.55,15556.65,105.1,0.68019066,2022
132,22-06-2022,15545.65,15413.3,-132.35,-0.851363565,2022
133,21-06-2022,15455.95,15638.8,182.85,1.183039541,2022
134,20-06-2022,15334.5,15350.15,15.65,0.102057452,2022
135,17-06-2022,15272.65,15293.5,20.85,0.136518548,2022
136,16-06-2022,15832.25,15360.6,-471.65,-2.979045935,2022
137,15-06-2022,15729.25,15692.15,-37.1,-0.2358663,2022
138,14-06-2022,15674.25,15732.1,57.85,0.36907667,2022
139,13-06-2022,15877.55,15774.4,-103.15,-0.649659425,2022
140,10-06-2022,16283.95,16201.8,-82.15,-0.504484477,2022
141,09-06-2022,16263.85,16478.1,214.25,1.317338761,2022
142,08-06-2022,16474.95,16356.25,-118.7,-0.720487771,2022
143,07-06-2022,16469.6,16416.35,-53.25,-0.323322971,2022
144,06-06-2022,16530.7,16569.55,38.85,0.235017271,2022
145,03-06-2022,16761.65,16584.3,-177.35,-1.058070059,2022
146,02-06-2022,16481.65,16628,146.35,0.887957213,2022
147,01-06-2022,16594.4,16522.75,-71.65,-0.431772164,2022
148,31-05-2022,16578.45,16584.55,6.1,0.036794755,2022
149,30-05-2022,16527.9,16661.4,133.5,0.807725119,2022
150,27-05-2022,16296.6,16352.45,55.85,0.342709522,2022
151,26-05-2022,16105,16170.15,65.15,0.404532754,2022
152,25-05-2022,16196.35,16025.8,-170.55,-1.053015031,2022
153,24-05-2022,16225.55,16125.15,-100.4,-0.618777176,2022
154,23-05-2022,16290.95,16214.7,-76.25,-0.46805128,2022
155,20-05-2022,16043.8,16266.15,222.35,1.385893616,2022
156,19-05-2022,15917.4,15809.4,-108,-0.678502771,2022
157,18-05-2022,16318.15,16240.3,-77.85,-0.477076139,2022
158,17-05-2022,15912.6,16259.3,346.7,2.178776567,2022
159,16-05-2022,15845.1,15842.3,-2.8,-0.017671078,2022
160,13-05-2022,15977,15782.15,-194.85,-1.219565626,2022
161,12-05-2022,16021.1,15808,-213.1,-1.330120903,2022
162,11-05-2022,16270.05,16167.1,-102.95,-0.632757736,2022
163,10-05-2022,16248.9,16240.05,-8.85,-0.054465225,2022
164,09-05-2022,16227.7,16301.85,74.15,0.456934747,2022
165,06-05-2022,16415.55,16411.25,-4.3,-0.026194675,2022
166,05-05-2022,16854.75,16682.65,-172.1,-1.021077144,2022
167,04-05-2022,17096.6,16677.6,-419,-2.450779687,2022
168,02-05-2022,16924.45,17069.1,144.65,0.854680654,2022
169,29-04-2022,17329.25,17102.55,-226.7,-1.308192795,2022
170,28-04-2022,17189.5,17245.05,55.55,0.323162396,2022
171,27-04-2022,17073.35,17038.4,-34.95,-0.204704993,2022
172,26-04-2022,17121.3,17200.8,79.5,0.4643339,2022
173,25-04-2022,17009.05,16953.95,-55.1,-0.323945194,2022
174,22-04-2022,17242.75,17171.95,-70.8,-0.410607357,2022
175,21-04-2022,17234.6,17392.6,158,0.91676047,2022
176,20-04-2022,17045.25,17136.55,91.3,0.535633094,2022
177,19-04-2022,17258.95,16958.65,-300.3,-1.7399668,2022
178,18-04-2022,17183.45,17173.65,-9.8,-0.057031621,2022
179,13-04-2022,17599.9,17475.65,-124.25,-0.70596992,2022
180,12-04-2022,17584.85,17530.3,-54.55,-0.310210209,2022
181,11-04-2022,17740.9,17674.95,-65.95,-0.371739878,2022
182,08-04-2022,17698.15,17784.35,86.2,0.487056557,2022
183,07-04-2022,17723.3,17639.55,-83.75,-0.472541795,2022
184,06-04-2022,17842.75,17807.65,-35.1,-0.196718555,2022
185,05-04-2022,18080.6,17957.4,-123.2,-0.681393317,2022
186,04-04-2022,17809.1,18053.4,244.3,1.371770612,2022
187,01-04-2022,17436.9,17670.45,233.55,1.339400926,2022
188,31-03-2022,17519.2,17464.75,-54.45,-0.310801863,2022
189,30-03-2022,17468.15,17498.25,30.1,0.172313611,2022
190,29-03-2022,17297.2,17325.3,28.1,0.162454039,2022
191,28-03-2022,17181.85,17222,40.15,0.233676816,2022
192,25-03-2022,17289,17153,-136,-0.786627335,2022
193,24-03-2022,17094.95,17222.75,127.8,0.7475892,2022
194,23-03-2022,17405.05,17245.65,-159.4,-0.915826154,2022
195,22-03-2022,17120.4,17315.5,195.1,1.139576178,2022
196,21-03-2022,17329.5,17117.6,-211.9,-1.22277042,2022
197,17-03-2022,17202.9,17287.05,84.15,0.489161711,2022
198,16-03-2022,16876.65,16975.35,98.7,0.584831705,2022
199,15-03-2022,16900.65,16663,-237.65,-1.406158935,2022
200,14-03-2022,16633.7,16871.3,237.6,1.428425425,2022
201,11-03-2022,16528.8,16630.45,101.65,0.614987174,2022
202,10-03-2022,16757.1,16594.9,-162.2,-0.967947915,2022
203,09-03-2022,16078,16345.35,267.35,1.662831198,2022
204,08-03-2022,15747.75,16013.45,265.7,1.687225159,2022
205,07-03-2022,15867.95,15863.15,-4.8,-0.030249654,2022
206,04-03-2022,16339.45,16245.35,-94.1,-0.575906778,2022
207,03-03-2022,16723.2,16498.05,-225.15,-1.346333238,2022
208,02-03-2022,16593.1,16605.95,12.85,0.077441828,2022
209,28-02-2022,16481.6,16793.9,312.3,1.894840307,2022
210,25-02-2022,16515.65,16658.4,142.75,0.86433171,2022
211,24-02-2022,16548.9,16247.95,-300.95,-1.818549873,2022
212,23-02-2022,17194.5,17063.25,-131.25,-0.763325482,2022
213,22-02-2022,16847.95,17092.2,244.25,1.449731273,2022
214,21-02-2022,17192.25,17206.65,14.4,0.08375867,2022
215,18-02-2022,17236.05,17276.3,40.25,0.233522182,2022
216,17-02-2022,17396.55,17304.6,-91.95,-0.528553075,2022
217,16-02-2022,17408.45,17322.2,-86.25,-0.495449049,2022
218,15-02-2022,16933.25,17352.45,419.2,2.475602734,2022
219,14-02-2022,17076.15,16842.8,-233.35,-1.366525827,2022
220,11-02-2022,17451,17374.75,-76.25,-0.436937711,2022
221,10-02-2022,17554.1,17605.85,51.75,0.294802924,2022
222,09-02-2022,17370.1,17463.8,93.7,0.539432703,2022
223,08-02-2022,17279.85,17266.75,-13.1,-0.075810843,2022
224,07-02-2022,17456.3,17213.6,-242.7,-1.390328993,2022
225,04-02-2022,17590.2,17516.3,-73.9,-0.420120294,2022
226,03-02-2022,17767.75,17560.2,-207.55,-1.168127647,2022
227,02-02-2022,17706.2,17780,73.8,0.416803154,2022
228,01-02-2022,17529.45,17576.85,47.4,0.270402095,2022
229,31-01-2022,17301.05,17339.85,38.8,0.224263845,2022
230,28-01-2022,17208.3,17101.95,-106.35,-0.618015725,2022
231,27-01-2022,17062,17110.15,48.15,0.282206072,2022
232,25-01-2022,17001.55,17277.95,276.4,1.625734124,2022
233,24-01-2022,17575.15,17149.1,-426.05,-2.424161387,2022
234,21-01-2022,17613.7,17617.15,3.45,0.019587026,2022
235,20-01-2022,17921,17757,-164,-0.915127504,2022
236,19-01-2022,18129.2,17938.4,-190.8,-1.052445778,2022
237,18-01-2022,18337.2,18113.05,-224.15,-1.222378553,2022
238,17-01-2022,18235.65,18308.1,72.45,0.397298698,2022
239,14-01-2022,18185,18255.75,70.75,0.389056915,2022
240,13-01-2022,18257,18257.8,0.8,0.004381881,2022
241,12-01-2022,18170.4,18212.35,41.95,0.230869986,2022
242,11-01-2022,17997.75,18055.75,58,0.322262505,2022
243,10-01-2022,17913.3,18003.3,90,0.50241999,2022
244,07-01-2022,17797.6,17812.7,15.1,0.0848429,2022
245,06-01-2022,17768.5,17745.9,-22.6,-0.127191378,2022
246,05-01-2022,17820.1,17925.25,105.15,0.590064029,2022
247,04-01-2022,17681.4,17805.25,123.85,0.700453584,2022
248,03-01-2022,17387.15,17625.7,238.55,1.371990234,2022
1,31-12-2021,17244.5,17354.05,109.55,0.635275015,2021
2,30-12-2021,17201.45,17203.95,2.5,0.014533658,2021
3,29-12-2021,17220.1,17213.6,-6.5,-0.037746587,2021
4,28-12-2021,17177.6,17233.25,55.65,0.323968424,2021
5,27-12-2021,16937.75,17086.25,148.5,0.876739827,2021
6,24-12-2021,17149.5,17003.75,-145.75,-0.849879005,2021
7,23-12-2021,17066.8,17072.6,5.8,0.033984109,2021
8,22-12-2021,16865.55,16955.45,89.9,0.533039243,2021
9,21-12-2021,16773.15,16770.85,-2.3,-0.013712392,2021
10,20-12-2021,16824.25,16614.2,-210.05,-1.248495475,2021
11,17-12-2021,17276,16985.2,-290.8,-1.683260014,2021
12,16-12-2021,17373,17248.4,-124.6,-0.717204858,2021
13,15-12-2021,17323.65,17221.4,-102.25,-0.590233582,2021
14,14-12-2021,17283.2,17324.9,41.7,0.241274764,2021
15,13-12-2021,17619.1,17368.25,-250.85,-1.423739011,2021
16,10-12-2021,17476.05,17511.3,35.25,0.201704619,2021
17,09-12-2021,17524.4,17516.85,-7.55,-0.043082787,2021
18,08-12-2021,17315.25,17469.75,154.5,0.892277039,2021
19,07-12-2021,17044.1,17176.7,132.6,0.777981824,2021
20,06-12-2021,17209.05,16912.25,-296.8,-1.724673936,2021
21,03-12-2021,17424.9,17196.7,-228.2,-1.309620141,2021
22,02-12-2021,17183.2,17401.65,218.45,1.271299874,2021
23,01-12-2021,17104.4,17166.9,62.5,0.365403054,2021
24,30-11-2021,17051.15,16983.2,-67.95,-0.398506846,2021
25,29-11-2021,17055.8,17053.95,-1.85,-0.01084675,2021
26,26-11-2021,17338.75,17026.45,-312.3,-1.801167904,2021
27,25-11-2021,17417.3,17536.25,118.95,0.682941673,2021
28,24-11-2021,17550.05,17415.05,-135,-0.769228578,2021
29,23-11-2021,17281.75,17503.35,221.6,1.282277547,2021
30,22-11-2021,17796.25,17416.55,-379.7,-2.133595561,2021
31,18-11-2021,17890.55,17764.8,-125.75,-0.702885043,2021
32,17-11-2021,17939.35,17898.65,-40.7,-0.226875556,2021
33,16-11-2021,18127.05,17999.2,-127.85,-0.705299539,2021
34,15-11-2021,18140.95,18109.45,-31.5,-0.1736403,2021
35,12-11-2021,17977.6,18102.75,125.15,0.69614409,2021
36,11-11-2021,17967.45,17873.6,-93.85,-0.522333442,2021
37,10-11-2021,17973.45,18017.2,43.75,0.243414592,2021
38,09-11-2021,18084.35,18044.25,-40.1,-0.221738686,2021
39,08-11-2021,18040.2,18068.55,28.35,0.157149034,2021
40,04-11-2021,17935.05,17916.8,-18.25,-0.101756059,2021
41,03-11-2021,17947.95,17829.2,-118.75,-0.661635451,2021
42,02-11-2021,17970.9,17888.95,-81.95,-0.456015002,2021
43,01-11-2021,17783.15,17929.65,146.5,0.823813554,2021
44,29-10-2021,17833.05,17671.65,-161.4,-0.905061108,2021
45,28-10-2021,18187.65,17857.25,-330.4,-1.81661732,2021
46,27-10-2021,18295.85,18210.95,-84.9,-0.464039659,2021
47,26-10-2021,18154.5,18268.4,113.9,0.627392657,2021
48,25-10-2021,18229.5,18125.4,-104.1,-0.571052415,2021
49,22-10-2021,18230.7,18114.9,-115.8,-0.635192286,2021
50,21-10-2021,18382.7,18178.1,-204.6,-1.113002987,2021
51,20-10-2021,18439.9,18266.6,-173.3,-0.939809869,2021
52,19-10-2021,18602.35,18418.75,-183.6,-0.986972076,2021
53,18-10-2021,18500.1,18477.05,-23.05,-0.124593921,2021
54,14-10-2021,18272.85,18338.55,65.7,0.359549824,2021
55,13-10-2021,18097.85,18161.75,63.9,0.353080615,2021
56,12-10-2021,17915.8,17991.95,76.15,0.425043816,2021
57,11-10-2021,17867.55,17945.95,78.4,0.438784277,2021
58,08-10-2021,17886.85,17895.2,8.35,0.046682339,2021
59,07-10-2021,17810.55,17790.35,-20.2,-0.113415925,2021
60,06-10-2021,17861.5,17646,-215.5,-1.206505613,2021
61,05-10-2021,17661.35,17822.3,160.95,0.911311989,2021
62,04-10-2021,17615.55,17691.25,75.7,0.429733957,2021
63,01-10-2021,17531.9,17532.05,0.15,0.000855583,2021
64,30-09-2021,17718.9,17618.15,-100.75,-0.568601888,2021
65,29-09-2021,17657.95,17711.3,53.35,0.302130202,2021
66,28-09-2021,17906.45,17748.6,-157.85,-0.881525931,2021
67,27-09-2021,17932.2,17855.1,-77.1,-0.429952822,2021
68,24-09-2021,17897.45,17853.2,-44.25,-0.247241926,2021
69,23-09-2021,17670.85,17822.95,152.1,0.86073958,2021
70,22-09-2021,17580.9,17546.65,-34.25,-0.19481369,2021
71,21-09-2021,17450.5,17562,111.5,0.638950173,2021
72,20-09-2021,17443.85,17396.9,-46.95,-0.269149299,2021
73,17-09-2021,17709.65,17585.15,-124.5,-0.703006553,2021
74,16-09-2021,17539.2,17629.5,90.3,0.514846743,2021
75,15-09-2021,17387.65,17519.45,131.8,0.758009277,2021
76,14-09-2021,17420.35,17380,-40.35,-0.231625656,2021
77,13-09-2021,17363.55,17355.3,-8.25,-0.047513325,2021
78,09-09-2021,17312.85,17369.25,56.4,0.325769587,2021
79,08-09-2021,17375.75,17353.5,-22.25,-0.128052027,2021
80,07-09-2021,17401.55,17362.1,-39.45,-0.226703943,2021
81,06-09-2021,17399.35,17377.8,-21.55,-0.123855201,2021
82,03-09-2021,17262.45,17323.6,61.15,0.354237087,2021
83,02-09-2021,17095.4,17234.15,138.75,0.81162184,2021
84,01-09-2021,17185.6,17076.25,-109.35,-0.636288521,2021
85,31-08-2021,16947.5,17132.2,184.7,1.089836259,2021
86,30-08-2021,16775.85,16931.05,155.2,0.925139412,2021
87,27-08-2021,16642.55,16705.2,62.65,0.376444716,2021
88,26-08-2021,16627.95,16636.9,8.95,0.053825036,2021
89,25-08-2021,16654,16634.65,-19.35,-0.116188303,2021
90,24-08-2021,16561.4,16624.6,63.2,0.38161025,2021
91,23-08-2021,16592.25,16496.45,-95.8,-0.577377993,2021
92,20-08-2021,16382.5,16450.5,68,0.415077064,2021
93,18-08-2021,16691.95,16568.85,-123.1,-0.737481241,2021
94,17-08-2021,16545.25,16614.6,69.35,0.419153533,2021
95,16-08-2021,16518.4,16563.05,44.65,0.27030463,2021
96,13-08-2021,16385.7,16529.1,143.4,0.875153335,2021
97,12-08-2021,16303.65,16364.4,60.75,0.372615948,2021
98,11-08-2021,16327.3,16282.25,-45.05,-0.275918247,2021
99,10-08-2021,16274.8,16280.1,5.3,0.032565684,2021
100,09-08-2021,16281.35,16258.25,-23.1,-0.141880127,2021
101,06-08-2021,16304.4,16238.2,-66.2,-0.406025367,2021
102,05-08-2021,16288.95,16294.6,5.65,0.034686091,2021
103,04-08-2021,16195.25,16258.8,63.55,0.392399006,2021
104,03-08-2021,15951.55,16130.75,179.2,1.123401801,2021
105,02-08-2021,15874.9,15885.15,10.25,0.064567336,2021
106,30-07-2021,15800.6,15763.05,-37.55,-0.237649203,2021
107,29-07-2021,15762.7,15778.45,15.75,0.09991943,2021
108,28-07-2021,15761.55,15709.4,-52.15,-0.330868474,2021
109,27-07-2021,15860.5,15746.45,-114.05,-0.719081996,2021
110,26-07-2021,15849.3,15824.45,-24.85,-0.156789259,2021
111,23-07-2021,15856.8,15856.05,-0.75,-0.004729832,2021
112,22-07-2021,15736.6,15824.05,87.45,0.555710891,2021
113,20-07-2021,15703.95,15632.1,-71.85,-0.457528202,2021
114,19-07-2021,15754.5,15752.4,-2.1,-0.013329525,2021
115,16-07-2021,15958.35,15923.4,-34.95,-0.219007604,2021
116,15-07-2021,15872.15,15924.2,52.05,0.327932889,2021
117,14-07-2021,15808.7,15853.95,45.25,0.286234795,2021
118,13-07-2021,15794,15812.35,18.35,0.116183361,2021
119,12-07-2021,15766.8,15692.6,-74.2,-0.470609128,2021
120,09-07-2021,15688.25,15689.8,1.55,0.009880006,2021
121,08-07-2021,15855.4,15727.9,-127.5,-0.804142437,2021
122,07-07-2021,15819.6,15879.65,60.05,0.379592404,2021
123,06-07-2021,15813.75,15818.25,4.5,0.028456249,2021
124,05-07-2021,15793.4,15834.35,40.95,0.259285524,2021
125,02-07-2021,15705.85,15722.2,16.35,0.104101338,2021
126,01-07-2021,15755.05,15680,-75.05,-0.4763552,2021
127,30-06-2021,15776.9,15721.5,-55.4,-0.351146296,2021
128,29-06-2021,15807.5,15748.45,-59.05,-0.373556856,2021
129,28-06-2021,15915.35,15814.7,-100.65,-0.632408335,2021
130,25-06-2021,15839.35,15860.35,21,0.132581198,2021
131,24-06-2021,15737.3,15790.45,53.15,0.337732648,2021
132,23-06-2021,15862.8,15686.95,-175.85,-1.108568475,2021
133,22-06-2021,15840.5,15772.75,-67.75,-0.427701146,2021
134,21-06-2021,15525.85,15746.5,220.65,1.421178229,2021
135,18-06-2021,15756.5,15683.35,-73.15,-0.464252848,2021
136,17-06-2021,15648.3,15691.4,43.1,0.27542928,2021
137,16-06-2021,15847.5,15767.55,-79.95,-0.504495977,2021
138,15-06-2021,15866.95,15869.25,2.3,0.014495539,2021
139,14-06-2021,15791.4,15811.85,20.45,0.129500868,2021
140,11-06-2021,15796.45,15799.35,2.9,0.018358555,2021
141,10-06-2021,15692.1,15737.75,45.65,0.290910713,2021
142,09-06-2021,15766.3,15635.35,-130.95,-0.830568998,2021
143,08-06-2021,15773.9,15740.1,-33.8,-0.214278016,2021
144,07-06-2021,15725.1,15751.65,26.55,0.168838354,2021
145,04-06-2021,15712.5,15670.25,-42.25,-0.268894193,2021
146,03-06-2021,15655.55,15690.35,34.8,0.222285388,2021
147,02-06-2021,15520.35,15576.2,55.85,0.359850132,2021
148,01-06-2021,15629.65,15574.85,-54.8,-0.350615657,2021
149,31-05-2021,15437.75,15582.8,145.05,0.939579926,2021
150,28-05-2021,15421.2,15435.65,14.45,0.093702176,2021
151,27-05-2021,15323.95,15337.85,13.9,0.090707683,2021
152,26-05-2021,15257.05,15301.45,44.4,0.291013007,2021
153,25-05-2021,15291.75,15208.45,-83.3,-0.544738176,2021
154,24-05-2021,15211.35,15197.7,-13.65,-0.089735625,2021
155,21-05-2021,14987.8,15175.3,187.5,1.251017494,2021
156,20-05-2021,15042.6,14906.05,-136.55,-0.907755308,2021
157,19-05-2021,15058.6,15030.15,-28.45,-0.188928586,2021
158,18-05-2021,15067.2,15108.1,40.9,0.271450568,2021
159,17-05-2021,14756.25,14923.15,166.9,1.131046167,2021
160,14-05-2021,14749.4,14677.8,-71.6,-0.485443476,2021
161,12-05-2021,14823.55,14696.5,-127.05,-0.857082143,2021
162,11-05-2021,14789.7,14850.75,61.05,0.412787278,2021
163,10-05-2021,14928.25,14942.35,14.1,0.094451794,2021
164,07-05-2021,14816.85,14823.15,6.3,0.042519159,2021
165,06-05-2021,14668.35,14724.8,56.45,0.384842194,2021
166,05-05-2021,14604.15,14617.85,13.7,0.093808952,2021
167,04-05-2021,14687.25,14496.5,-190.75,-1.298745511,2021
168,03-05-2021,14481.05,14634.15,153.1,1.057243777,2021
169,30-04-2021,14747.35,14631.1,-116.25,-0.788277216,2021
170,29-04-2021,14979,14894.9,-84.1,-0.5614527,2021
171,28-04-2021,14710.5,14864.55,154.05,1.047211176,2021
172,27-04-2021,14493.8,14653.05,159.25,1.098745671,2021
173,26-04-2021,14449.45,14485,35.55,0.246030126,2021
174,23-04-2021,14326.35,14341.35,15,0.104702175,2021
175,22-04-2021,14219.15,14406.15,187,1.315127838,2021
176,20-04-2021,14526.7,14296.4,-230.3,-1.585356619,2021
177,19-04-2021,14306.6,14359.45,52.85,0.369409923,2021
178,16-04-2021,14599.6,14617.85,18.25,0.125003425,2021
179,15-04-2021,14522.4,14581.45,59.05,0.406613232,2021
180,13-04-2021,14364.9,14504.8,139.9,0.973901663,2021
181,12-04-2021,14644.65,14310.8,-333.85,-2.279672099,2021
182,09-04-2021,14882.65,14834.85,-47.8,-0.32117936,2021
183,08-04-2021,14875.65,14873.8,-1.85,-0.012436431,2021
184,07-04-2021,14716.45,14819.05,102.6,0.697179007,2021
185,06-04-2021,14737,14683.5,-53.5,-0.363031825,2021
186,05-04-2021,14837.7,14637.8,-199.9,-1.347243845,2021
187,01-04-2021,14798.4,14867.35,68.95,0.465928749,2021
188,31-03-2021,14811.85,14690.7,-121.15,-0.817926187,2021
189,30-03-2021,14628.5,14845.1,216.6,1.480671292,2021
190,26-03-2021,14506.3,14507.3,1,0.006893557,2021
191,25-03-2021,14570.9,14324.9,-246,-1.688296536,2021
192,24-03-2021,14712.45,14549.4,-163.05,-1.108245058,2021
193,23-03-2021,14768.55,14814.75,46.2,0.312826919,2021
194,22-03-2021,14736.3,14736.4,0.1,0.000678596,2021
195,19-03-2021,14471.15,14744,272.85,1.885475584,2021
196,18-03-2021,14855.5,14557.85,-297.65,-2.003635017,2021
197,17-03-2021,14946.55,14721.3,-225.25,-1.507036741,2021
198,16-03-2021,14996.1,14910.45,-85.65,-0.571148499,2021
199,15-03-2021,15048.4,14929.5,-118.9,-0.790117222,2021
200,12-03-2021,15321.15,15030.95,-290.2,-1.894113693,2021
201,10-03-2021,15202.15,15174.8,-27.35,-0.179908763,2021
202,09-03-2021,15049.9,15098.4,48.5,0.322261277,2021
203,08-03-2021,15002.45,14956.2,-46.25,-0.30828298,2021
204,05-03-2021,14977.95,14938.1,-39.85,-0.266057772,2021
205,04-03-2021,15026.75,15080.75,54,0.359359143,2021
206,03-03-2021,15064.4,15245.6,181.2,1.202835825,2021
207,02-03-2021,14865.3,14919.1,53.8,0.361916678,2021
208,01-03-2021,14702.5,14761.55,59.05,0.401632375,2021
209,26-02-2021,14888.6,14529.15,-359.45,-2.414263262,2021
210,25-02-2021,15079.85,15097.35,17.5,0.1160489,2021
211,24-02-2021,14729.15,14982,252.85,1.716663894,2021
212,23-02-2021,14782.25,14707.8,-74.45,-0.503644574,2021
213,22-02-2021,14999.05,14675.7,-323.35,-2.155803201,2021
214,19-02-2021,15074.8,14981.75,-93.05,-0.617255287,2021
215,18-02-2021,15238.7,15118.95,-119.75,-0.785828187,2021
216,17-02-2021,15279.9,15208.9,-71,-0.464662727,2021
217,16-02-2021,15371.45,15313.45,-58,-0.377322894,2021
218,15-02-2021,15270.3,15314.7,44.4,0.290760496,2021
219,12-02-2021,15186.2,15163.3,-22.9,-0.150794801,2021
220,11-02-2021,15073.25,15173.3,100.05,0.663758645,2021
221,10-02-2021,15119.05,15106.5,-12.55,-0.083007861,2021
222,09-02-2021,15164.15,15109.3,-54.85,-0.361708371,2021
223,08-02-2021,15064.3,15115.8,51.5,0.34186786,2021
224,05-02-2021,14952.6,14924.25,-28.35,-0.189599133,2021
225,04-02-2021,14789.05,14895.65,106.6,0.720803568,2021
226,03-02-2021,14754.9,14789.95,35.05,0.237548204,2021
227,02-02-2021,14481.1,14647.85,166.75,1.151500922,2021
228,01-02-2021,13758.6,14281.2,522.6,3.798351576,2021
229,29-01-2021,13946.6,13634.6,-312,-2.237104384,2021
230,28-01-2021,13810.4,13817.55,7.15,0.051772577,2021
231,27-01-2021,14237.95,13967.5,-270.45,-1.899500982,2021
232,25-01-2021,14477.8,14238.9,-238.9,-1.650112586,2021
233,22-01-2021,14583.4,14371.9,-211.5,-1.450279084,2021
234,21-01-2021,14730.95,14590.35,-140.6,-0.954453039,2021
235,20-01-2021,14538.3,14644.7,106.4,0.731859984,2021
236,19-01-2021,14371.65,14521.15,149.5,1.040242422,2021
237,18-01-2021,14453.3,14281.3,-172,-1.190039645,2021
238,15-01-2021,14594.35,14433.7,-160.65,-1.100768448,2021
239,14-01-2021,14550.05,14595.6,45.55,0.313057343,2021
240,13-01-2021,14639.8,14564.85,-74.95,-0.511960546,2021
241,12-01-2021,14473.8,14563.45,89.65,0.619395045,2021
242,11-01-2021,14474.05,14484.75,10.7,0.073925404,2021
243,08-01-2021,14258.4,14347.25,88.85,0.623141446,2021
244,07-01-2021,14253.75,14137.35,-116.4,-0.816627203,2021
245,06-01-2021,14240.95,14146.25,-94.7,-0.664983727,2021
246,05-01-2021,14075.15,14199.5,124.35,0.883471935,2021
247,04-01-2021,14104.35,14132.9,28.55,0.202419821,2021
248,01-01-2021,13996.1,14018.5,22.4,0.160044584,2021
1,31-12-2020,13970,13981.75,11.75,0.084108805,2020
2,30-12-2020,13980.9,13981.95,1.05,0.007510246,2020
3,29-12-2020,13910.35,13932.6,22.25,0.159952841,2020
4,28-12-2020,13815.15,13873.2,58.05,0.420190877,2020
5,24-12-2020,13672.15,13749.25,77.1,0.563920086,2020
6,23-12-2020,13473.5,13601.1,127.6,0.947044198,2020
7,22-12-2020,13373.65,13466.3,92.65,0.692780206,2020
8,21-12-2020,13741.9,13328.4,-413.5,-3.009045329,2020
9,18-12-2020,13764.4,13760.55,-3.85,-0.027970707,2020
10,17-12-2020,13713.55,13740.7,27.15,0.197979371,2020
11,16-12-2020,13663.1,13682.7,19.6,0.143452072,2020
12,15-12-2020,13547.2,13567.85,20.65,0.152430022,2020
13,14-12-2020,13571.45,13558.15,-13.3,-0.097999845,2020
14,11-12-2020,13512.3,13513.85,1.55,0.01147103,2020
15,10-12-2020,13488.5,13478.3,-10.2,-0.075619973,2020
16,09-12-2020,13458.1,13529.1,71,0.527563326,2020
17,08-12-2020,13393.85,13392.95,-0.9,-0.006719502,2020
18,07-12-2020,13264.85,13355.75,90.9,0.685269717,2020
19,04-12-2020,13177.4,13258.55,81.15,0.615827098,2020
20,03-12-2020,13215.3,13133.9,-81.4,-0.615952721,2020
21,02-12-2020,13121.4,13113.75,-7.65,-0.058301706,2020
22,01-12-2020,13062.2,13109.05,46.85,0.358668524,2020
23,27-11-2020,13012.05,12968.95,-43.1,-0.331231435,2020
24,26-11-2020,12906.45,12987,80.55,0.624106551,2020
25,25-11-2020,13130,12858.4,-271.6,-2.068545316,2020
26,24-11-2020,13002.6,13055.15,52.55,0.404149939,2020
27,23-11-2020,12960.3,12926.45,-33.85,-0.261182226,2020
28,20-11-2020,12813.4,12859.05,45.65,0.356267657,2020
29,19-11-2020,12839.5,12771.7,-67.8,-0.528057946,2020
30,18-11-2020,12860.1,12938.25,78.15,0.607693564,2020
31,17-11-2020,12932.5,12874.2,-58.3,-0.450802242,2020
32,14-11-2020,12823.35,12780.25,-43.1,-0.33610562,2020
33,13-11-2020,12659.7,12719.95,60.25,0.475919651,2020
34,12-11-2020,12702.15,12690.8,-11.35,-0.089354952,2020
35,11-11-2020,12680.6,12749.15,68.55,0.540589562,2020
36,10-11-2020,12556.4,12631.1,74.7,0.59491574,2020
37,09-11-2020,12399.4,12461.05,61.65,0.497201477,2020
38,06-11-2020,12156.65,12263.55,106.9,0.879354098,2020
39,05-11-2020,12062.4,12120.3,57.9,0.480003979,2020
40,04-11-2020,11783.35,11908.5,125.15,1.06209185,2020
41,03-11-2020,11734.45,11813.5,79.05,0.673657479,2020
42,02-11-2020,11697.35,11669.15,-28.2,-0.241080245,2020
43,30-10-2020,11678.45,11642.4,-36.05,-0.308688225,2020
44,29-10-2020,11633.3,11670.8,37.5,0.322350494,2020
45,28-10-2020,11922.6,11729.6,-193,-1.618774428,2020
46,27-10-2020,11807.1,11889.4,82.3,0.697038223,2020
47,26-10-2020,11937.4,11767.75,-169.65,-1.421163737,2020
48,23-10-2020,11957.9,11930.35,-27.55,-0.230391624,2020
49,22-10-2020,11890,11896.45,6.45,0.054247267,2020
50,21-10-2020,11958.55,11937.65,-20.9,-0.174770353,2020
51,20-10-2020,11861,11896.8,35.8,0.301829525,2020
52,19-10-2020,11879.2,11873.05,-6.15,-0.051771163,2020
53,16-10-2020,11727.4,11762.45,35.05,0.298872725,2020
54,15-10-2020,12023.45,11680.35,-343.1,-2.853590276,2020
55,14-10-2020,11917.4,11971.05,53.65,0.450182087,2020
56,13-10-2020,11934.65,11934.5,-0.15,-0.001256845,2020
57,12-10-2020,11973.55,11930.95,-42.6,-0.355784208,2020
58,09-10-2020,11852.05,11914.2,62.15,0.524381858,2020
59,08-10-2020,11835.4,11834.6,-0.8,-0.006759383,2020
60,07-10-2020,11679.25,11738.85,59.6,0.510306741,2020
61,06-10-2020,11603.45,11662.4,58.95,0.508038557,2020
62,05-10-2020,11487.8,11503.35,15.55,0.135360992,2020
63,01-10-2020,11364.45,11416.95,52.5,0.461966923,2020
64,30-09-2020,11244.45,11247.55,3.1,0.027569156,2020
65,29-09-2020,11288.6,11222.4,-66.2,-0.58643233,2020
66,28-09-2020,11140.85,11227.55,86.7,0.778217102,2020
67,25-09-2020,10910.4,11050.25,139.85,1.281804517,2020
68,24-09-2020,11011,10805.55,-205.45,-1.865861411,2020
69,23-09-2020,11258.75,11131.85,-126.9,-1.127123349,2020
70,22-09-2020,11301.75,11153.65,-148.1,-1.310416528,2020
71,21-09-2020,11503.8,11250.55,-253.25,-2.201446479,2020
72,18-09-2020,11584.1,11504.95,-79.15,-0.683264129,2020
73,17-09-2020,11539.4,11516.1,-23.3,-0.201916911,2020
74,16-09-2020,11538.45,11604.55,66.1,0.57286724,2020
75,15-09-2020,11487.2,11521.8,34.6,0.301204819,2020
76,14-09-2020,11540.15,11440.05,-100.1,-0.867406403,2020
77,11-09-2020,11447.8,11464.45,16.65,0.145442793,2020
78,10-09-2020,11363.3,11449.25,85.95,0.756382389,2020
79,09-09-2020,11218.6,11278,59.4,0.529477831,2020
80,08-09-2020,11378.55,11317.35,-61.2,-0.53785412,2020
81,07-09-2020,11359.6,11355.05,-4.55,-0.040054227,2020
82,04-09-2020,11354.4,11333.85,-20.55,-0.180987106,2020
83,03-09-2020,11566.2,11527.45,-38.75,-0.335027926,2020
84,02-09-2020,11478.55,11535,56.45,0.491786855,2020
85,01-09-2020,11464.3,11470.25,5.95,0.051900247,2020
86,31-08-2020,11777.55,11387.5,-390.05,-3.311809332,2020
87,28-08-2020,11602.95,11647.6,44.65,0.38481593,2020
88,27-08-2020,11609.3,11559.25,-50.05,-0.431119878,2020
89,26-08-2020,11512.85,11549.6,36.75,0.319208537,2020
90,25-08-2020,11513.1,11472.25,-40.85,-0.354813213,2020
91,24-08-2020,11412,11466.45,54.45,0.477129338,2020
92,21-08-2020,11409.65,11371.6,-38.05,-0.333489634,2020
93,20-08-2020,11317.45,11312.2,-5.25,-0.046388542,2020
94,19-08-2020,11452.15,11408.4,-43.75,-0.382024336,2020
95,18-08-2020,11259.8,11385.35,125.55,1.115028686,2020
96,17-08-2020,11248.9,11247.1,-1.8,-0.016001565,2020
97,14-08-2020,11353.3,11178.4,-174.9,-1.540521258,2020
98,13-08-2020,11334.85,11300.45,-34.4,-0.303488798,2020
99,12-08-2020,11289,11308.4,19.4,0.171848702,2020
100,11-08-2020,11322.25,11322.5,0.25,0.002208042,2020
101,10-08-2020,11270.25,11270.15,-0.1,-0.000887292,2020
102,07-08-2020,11186.65,11214.05,27.4,0.244934811,2020
103,06-08-2020,11185.7,11200.15,14.45,0.129182796,2020
104,05-08-2020,11155.75,11101.65,-54.1,-0.484951707,2020
105,04-08-2020,10946.65,11095.25,148.6,1.357492932,2020
106,03-08-2020,11057.55,10891.6,-165.95,-1.500784532,2020
107,31-07-2020,11139.5,11073.45,-66.05,-0.592935051,2020
108,30-07-2020,11254.3,11102.15,-152.15,-1.351927708,2020
109,29-07-2020,11276.9,11202.85,-74.05,-0.656652094,2020
110,28-07-2020,11154.1,11300.55,146.45,1.312970119,2020
111,27-07-2020,11225,11131.8,-93.2,-0.830289532,2020
112,24-07-2020,11149.95,11194.15,44.2,0.396414334,2020
113,23-07-2020,11135,11215.45,80.45,0.722496632,2020
114,22-07-2020,11231.2,11132.6,-98.6,-0.877911532,2020
115,21-07-2020,11126.1,11162.25,36.15,0.324911694,2020
116,20-07-2020,10999.45,11022.2,22.75,0.206828523,2020
117,17-07-2020,10752,10901.7,149.7,1.392299107,2020
118,16-07-2020,10706.2,10739.95,33.75,0.3152379,2020
119,15-07-2020,10701,10618.2,-82.8,-0.773759462,2020
120,14-07-2020,10750.85,10607.35,-143.5,-1.33477818,2020
121,13-07-2020,10851.85,10802.7,-49.15,-0.452918166,2020
122,10-07-2020,10764.1,10768.05,3.95,0.036696054,2020
123,09-07-2020,10755.55,10813.45,57.9,0.538326724,2020
124,08-07-2020,10818.65,10705.75,-112.9,-1.043568283,2020
125,07-07-2020,10802.85,10799.65,-3.2,-0.029621813,2020
126,06-07-2020,10723.85,10763.65,39.8,0.371135366,2020
127,03-07-2020,10614.95,10607.35,-7.6,-0.071597134,2020
128,02-07-2020,10493.05,10551.7,58.65,0.558941395,2020
129,01-07-2020,10323.8,10430.05,106.25,1.029175304,2020
130,30-06-2020,10382.6,10302.1,-80.5,-0.775335658,2020
131,29-06-2020,10311.95,10312.4,0.45,0.004363869,2020
132,26-06-2020,10378.9,10383,4.1,0.039503223,2020
133,25-06-2020,10235.55,10288.9,53.35,0.521222602,2020
134,24-06-2020,10529.25,10305.3,-223.95,-2.126932118,2020
135,23-06-2020,10347.95,10471,123.05,1.189124416,2020
136,22-06-2020,10318.75,10311.2,-7.55,-0.073167777,2020
137,19-06-2020,10119,10244.4,125.4,1.239252891,2020
138,18-06-2020,9863.25,10091.65,228.4,2.315666743,2020
139,17-06-2020,9876.7,9881.15,4.45,0.045055535,2020
140,16-06-2020,10014.8,9914,-100.8,-1.006510365,2020
141,15-06-2020,9919.35,9813.7,-105.65,-1.06508995,2020
142,12-06-2020,9544.95,9972.9,427.95,4.4835227,2020
143,11-06-2020,10094.1,9902,-192.1,-1.903091905,2020
144,10-06-2020,10072.6,10116.15,43.55,0.432361059,2020
145,09-06-2020,10181.15,10046.65,-134.5,-1.321068838,2020
146,08-06-2020,10326.75,10167.45,-159.3,-1.542595686,2020
147,05-06-2020,10093.8,10142.15,48.35,0.479006915,2020
148,04-06-2020,10054.25,10029.1,-25.15,-0.250142974,2020
149,03-06-2020,10108.3,10061.55,-46.75,-0.46249122,2020
150,02-06-2020,9880.85,9979.1,98.25,0.994347652,2020
151,01-06-2020,9726.85,9826.15,99.3,1.020885487,2020
152,29-05-2020,9422.2,9580.3,158.1,1.677952071,2020
153,28-05-2020,9364.95,9490.1,125.15,1.336365918,2020
154,27-05-2020,9082.2,9314.95,232.75,2.562705071,2020
155,26-05-2020,9099.75,9029.05,-70.7,-0.776944422,2020
156,22-05-2020,9067.9,9039.25,-28.65,-0.315949669,2020
157,21-05-2020,9079.45,9106.25,26.8,0.295172064,2020
158,20-05-2020,8889.15,9066.55,177.4,1.995691377,2020
159,19-05-2020,8961.7,8879.1,-82.6,-0.921700124,2020
160,18-05-2020,9158.3,8823.25,-335.05,-3.658430058,2020
161,15-05-2020,9182.4,9136.85,-45.55,-0.496057676,2020
162,14-05-2020,9213.95,9142.75,-71.2,-0.772741332,2020
163,13-05-2020,9584.2,9383.55,-200.65,-2.093549801,2020
164,12-05-2020,9168.85,9196.55,27.7,0.302109861,2020
165,11-05-2020,9348.15,9239.2,-108.95,-1.165471243,2020
166,08-05-2020,9376.95,9251.5,-125.45,-1.337855059,2020
167,07-05-2020,9234.05,9199.05,-35,-0.379031952,2020
168,06-05-2020,9226.8,9270.9,44.1,0.477955521,2020
169,05-05-2020,9429.4,9205.6,-223.8,-2.37342779,2020
170,04-05-2020,9533.5,9293.5,-240,-2.517438506,2020
171,30-04-2020,9753.5,9859.9,106.4,1.09089045,2020
172,29-04-2020,9408.6,9553.35,144.75,1.538486066,2020
173,28-04-2020,9389.8,9380.9,-8.9,-0.094783701,2020
174,27-04-2020,9259.7,9282.3,22.6,0.244068382,2020
175,24-04-2020,9163.9,9154.4,-9.5,-0.103667652,2020
176,23-04-2020,9232.35,9313.9,81.55,0.883307067,2020
177,22-04-2020,9026.75,9187.3,160.55,1.778602487,2020
178,21-04-2020,9016.95,8981.45,-35.5,-0.393702971,2020
179,20-04-2020,9390.2,9261.85,-128.35,-1.366850546,2020
180,17-04-2020,9323.45,9266.75,-56.7,-0.608143981,2020
181,16-04-2020,8851.25,8992.8,141.55,1.599209151,2020
182,15-04-2020,9196.4,8925.3,-271.1,-2.947892654,2020
183,13-04-2020,9103.95,8993.85,-110.1,-1.209365166,2020
184,09-04-2020,8973.05,9111.9,138.85,1.547411415,2020
185,08-04-2020,8688.9,8748.75,59.85,0.688809861,2020
186,07-04-2020,8446.3,8792.2,345.9,4.095284326,2020
187,03-04-2020,8356.55,8083.8,-272.75,-3.263906756,2020
188,01-04-2020,8584.1,8253.8,-330.3,-3.847811652,2020
189,31-03-2020,8529.35,8597.75,68.4,0.801936842,2020
190,30-03-2020,8385.95,8281.1,-104.85,-1.250305571,2020
191,27-03-2020,8949.1,8660.25,-288.85,-3.227698875,2020
192,26-03-2020,8451,8641.45,190.45,2.253579458,2020
193,25-03-2020,7735.15,8317.85,582.7,7.533144154,2020
194,24-03-2020,7848.3,7801.05,-47.25,-0.602041206,2020
195,23-03-2020,7945.7,7610.25,-335.45,-4.221780334,2020
196,20-03-2020,8284.45,8745.45,461,5.564642191,2020
197,19-03-2020,8063.3,8263.45,200.15,2.482234321,2020
198,18-03-2020,9088.45,8468.8,-619.65,-6.817994267,2020
199,17-03-2020,9285.4,8967.05,-318.35,-3.428500657,2020
200,16-03-2020,9587.8,9197.4,-390.4,-4.071841298,2020
201,13-03-2020,9107.6,9955.2,847.6,9.306513242,2020
202,12-03-2020,10039.95,9590.15,-449.8,-4.480101993,2020
203,11-03-2020,10334.3,10458.4,124.1,1.200855404,2020
204,09-03-2020,10742.05,10451.45,-290.6,-2.705256445,2020
205,06-03-2020,10942.65,10989.45,46.8,0.427684336,2020
206,05-03-2020,11306.05,11269,-37.05,-0.327700656,2020
207,04-03-2020,11351.35,11251,-100.35,-0.88403582,2020
208,03-03-2020,11217.55,11303.3,85.75,0.76442717,2020
209,02-03-2020,11387.35,11132.75,-254.6,-2.235814303,2020
210,28-02-2020,11382,11201.75,-180.25,-1.583640836,2020
211,27-02-2020,11661.25,11633.3,-27.95,-0.23968271,2020
212,26-02-2020,11738.55,11678.5,-60.05,-0.511562331,2020
213,25-02-2020,11877.5,11797.9,-79.6,-0.6701747,2020
214,24-02-2020,12012.55,11829.4,-183.15,-1.524655464,2020
215,20-02-2020,12119,12080.85,-38.15,-0.31479495,2020
216,19-02-2020,12090.6,12125.9,35.3,0.291962351,2020
217,18-02-2020,12028.25,11992.5,-35.75,-0.297216968,2020
218,17-02-2020,12131.8,12045.8,-86,-0.708880793,2020
219,14-02-2020,12190.15,12113.45,-76.7,-0.629196523,2020
220,13-02-2020,12219.55,12174.65,-44.9,-0.367443973,2020
221,12-02-2020,12151,12201.2,50.2,0.413134721,2020
222,11-02-2020,12108.4,12107.9,-0.5,-0.004129365,2020
223,10-02-2020,12102.35,12031.5,-70.85,-0.585423492,2020
224,07-02-2020,12151.15,12098.35,-52.8,-0.434526773,2020
225,06-02-2020,12120,12137.95,17.95,0.14810231,2020
226,05-02-2020,12005.85,12089.15,83.3,0.693828425,2020
227,04-02-2020,11786.25,11979.65,193.4,1.640895111,2020
228,03-02-2020,11627.45,11707.9,80.45,0.691897192,2020
229,01-02-2020,11939,11661.85,-277.15,-2.3213837,2020
230,31-01-2020,12100.4,11962.1,-138.3,-1.142937424,2020
231,30-01-2020,12147.75,12035.8,-111.95,-0.921569838,2020
232,29-01-2020,12114.9,12129.5,14.6,0.120512757,2020
233,28-01-2020,12148.1,12055.8,-92.3,-0.759789597,2020
234,27-01-2020,12197.1,12119,-78.1,-0.640316141,2020
235,24-01-2020,12174.55,12248.25,73.7,0.605361184,2020
236,23-01-2020,12123.75,12180.35,56.6,0.466852253,2020
237,22-01-2020,12218.35,12106.9,-111.45,-0.912152623,2020
238,21-01-2020,12195.3,12169.85,-25.45,-0.208686953,2020
239,20-01-2020,12430.5,12224.55,-205.95,-1.656811874,2020
240,17-01-2020,12328.4,12352.35,23.95,0.194266896,2020
241,16-01-2020,12347.1,12355.5,8.4,0.068032169,2020
242,15-01-2020,12349.4,12343.3,-6.1,-0.049395112,2020
243,14-01-2020,12333.1,12362.3,29.2,0.236761236,2020
244,13-01-2020,12296.7,12329.55,32.85,0.267144844,2020
245,10-01-2020,12271,12256.8,-14.2,-0.11571999,2020
246,09-01-2020,12153.15,12215.9,62.75,0.516327043,2020
247,08-01-2020,11939.1,12025.35,86.25,0.722416263,2020
248,07-01-2020,12079.1,12052.95,-26.15,-0.216489639,2020
249,06-01-2020,12170.6,11993.05,-177.55,-1.458843442,2020
250,03-01-2020,12261.1,12226.65,-34.45,-0.280969897,2020
251,02-01-2020,12198.55,12282.2,83.65,0.685737239,2020
252,01-01-2020,12202.15,12182.5,-19.65,-0.161037194,2020